text;re_labelled
@thorxxrahman Enggeh leres masuk kec.Ngaglik, mungkin rodo ngantuk kui sik gawe berita;HAM
Personil Polres mukomuko melaksanakan Sosialisasi kepada masyarakat agar tetap waspada dan mengingatkan agat mencabut kunci kendaraan di saat memarkir kendaran di pinggir jalan dan melaporkan apabila ada kejahatan jalanan lainnya https://t.co/oP3i2i95LG;HAM
ga enaknya rumah pinggir jalan besar + ada bayi tuh ya motor blombongan wira wiri gatau diri huhhh;HAM
@KangManto123 Berarti pengusaha knalpot brong juga berhak utk berjualan bahu-membahu dgn pengusaha sound horeg ya?;HAM
@zeynixxtflhn Beli knalpot blombongan ga?;HAM
"5 Top Stories! Wagub Krisantus Prihatin, Truk Tangki BBM Terbalik, Tangkap Jambret Pontianak Timur
 
https://t.co/gAGSSRuVxh lewat @tribunnews";HAM
"09.39: Terjadi kecelakaan truk box di Tol Kunciran Serpong KM 21, dalam penanganan petugas lalu lintas terpantau padat. (P. Hadi) 
#InfoLalinElshinta https://t.co/LTOxHah348";HAM
Mari berkontribusi terhadap gerakan rakyat dengan membeli baju ini seharga Rp 160.000. Berikut format pemesanannya:  Nama: Alamat: Nomor WA: Ukuran:  Hubungi kami melalui WA 08977472296  *Harga di atas di luar ongkos kirim*;SPAM
Almarhum dimakamkan Minggu, 25 Mei 2025 pukul 17:00 WIB di Sangonan, Sidorejo, Godean, Sleman????;HAM
Masuk terlalu pagi juga bikin keadaan dirumah ricuh, semua harus dilakukan dengan cepat tau2 kecelakaan (riil terjadi oleh w), apalagi yg jarak rumah ke sekolah seperti mendaki gunung melewati sungai dan terbang ke langit harus berangkat lebih pagi itu??;HAM
"""NANTI AJA"" adalah ucapan selamat hari HAM dari seorang mentri bidang HUKUM HAM!";HAM
Ning jero remuk koe lekk..?? https://t.co/Psm6LX7cCQ;HAM
@ajusttinna Balsem sak awak;HAM
Kegiatan personil Polsek Binjai Timur melaksanakan Patroli roda empat malam hari di titik dianggap rawan terjadinya tindak pidana 3C dan kejahatan jalanan lainnya dalam rangka antisipasi gangguan kamtibmas. https://t.co/mIjzaR9Uiz;HAM
Gimana nih rencana aksi di tanggal 1 Mei? Coba share dong info aksi di kota kalian #MeiMelawan;HAM
Sudahi romantisme reformasimu, Mari kita turun ke jalan! #MEILAWAN https://t.co/ryLbf1QvOH;HAM
@KAI121 Naik bareng berlima dari Jember turun di Surabaya sekalian transit berkunjung ke kediaman teman1 Surabaya, berempat lanjut naik KA ekonomi menuju Jogja terus jalan di Malioboro, teman3 lanjut naik KA ekonomi ke Jakarta, sedangkan saya kembali ke Klaten KA sapu jagat dari Jakarta;HAM
"Sewa Rumah Dekat UNY Yogya Malioboro 15mnt Plembura Harian Bulanan Mingguan Rmahan Luas 2KT Keluarga 300rb 1 rumah 2 KT 2 KM

WA https://t.co/Gs4wck2Euz
.
#penginapandekatUNY,  #homestaykeluargajogja,  #homestayrombonganjogja, #homestayjogjamurah, #homestayjogja https://t.co/ckEwDfGnRk";SPAM
"Penggunaan knalpot brong sangat menggangu ketertiban umum.

Jadilah pelopor keselamatan berlalulintas. Taati peraturan yang berlaku

#stopknalpotbrong https://t.co/AlqbV50n4W";HAM
Udan ning yojo kadang mung fana https://t.co/XnEUkg4Ehu;HAM
Jumat, 18 Juli 2025, Samapta Polsek Ngaglik melaksanakan patroli sambang warga Mudal jalan palagan sariharjo sekaligus menyampaikan pesan kamtibmas, tertib berlalu lintas serta antisipasi gangguan Kamtibmas, Curat, Curas, Curan dan kejahatan jalanan di wilayah Ngaglik. https://t.co/qfHXpPH4Nz;HAM
Selamat 13 tahun @CAPITALE_1976 !?? https://t.co/qCj3dgQHZw;HAM
"terjadinya curat, curas dan curanmor serta kejahatan jalanan. Kamis, 17/07/2025.

POLRI UNTUK MASYARAKAT

@poldajogja
#PoldaDIY #KapoldaDIY #Kapolrestasleman #polrestasleman #polsekprambanandiy #patroliKRYD #patrolijogja #jogjaaman #jogjadamai #jogjanyaman #OpsPatuhProgo2025";HAM
Polsek Kedamean Laksanakan Patroli Dialogis, Wujudkan Keamanan dan Kedekatan dengan Masyarakat, antisipasi gesekan antar perguruan silat dan kejahatan jalanan (17/07/2025) #polriuntukmasyarakat https://t.co/uMLN3kyfmV;HAM
@TaniHitam Omelin bang;HAM
@merapi_uncover Mben esuk neng sepanjang jl mangkubumi ro jl malioboro do akwh tukang foto dadakan, le di foto cewek2 sek do lari2 pagi, lha nrk wong lanang ra tau di foto ??;HAM
@merapi_uncover Saya juga heran, dgn fenomena ini, banyak sekali di Jl MargoUtomo sampai Malioboro, dulu hanya lesehan, pakai dingklik, sekarang saking effortnya sampai pakai tangga segala.;HAM
"ini pasti kluargany sadewa ada yg tabrak lari
atau ga sisadewany yg nabrak??";HAM
09.41: Info awal #kecelakaan di depan Pasar Jalan Jagir Wonokromo arah Panjang Jiwo. Belum diketahui kendaraan apa saja yang terlibat. Bambang pendengar SS mengabarkan, ada korban laki-laki tergeletak dan sudah dibantu dipinggirkan oleh warga sekitar. Petugas medis sedang perjalanan menuju lokasi. Data lengkap belum diketahui. (ss-rn);HAM
Ealahh,sekolah saiki iso ngene yo ?? https://t.co/Jarw9BvTZo;HAM
Adapun pelanggaran yang ditindak antara lain kendaraan tanpa plat nomor, kendaraan yang tidak sesuai standar pabrikan, serta penggunaan knalpot brong yang mengganggu kenyamanan dan ketenangan masyarakat.;HAM
"Sekolah ora keduman PIP
Neng ngomah ora keduman PKH
Kerjo ora keduman BSU

Opo rupaku iki rupa rupa wong sugeh";HAM
Kami menuntut agar orang-orang yang tidak berkompeten segera hengkang dari tubuh PSS. Banyak hal yang sudah dilakukan, namun tak ada sedikit pun niat baik dari manajemen yang muncul terutama di media sosial. Apa yang salah?;HAM
"PERSONIL POLSEK KOTA PINANG POLRES LABUHANBATU SELATAN MELAKSANAKAN KRYD DAN PATROLI BLUE LIGHT ANTISIPASI GENG MOTOR, BALAP LIAR, BEGAL, KEJAHATAN JALANAN &amp; ANTISIPASI TP 3C.

#poldasumut
#divisihumaspolri
#patroli
#semuaorang
#sorotan https://t.co/M5bk0KKBPH";HAM
@paksiraras @fajarnugros @AdjieSanPutro @PatubMbel aku wis nyiapke motor blombongan;HAM
Ini sama kek jamet konvoi motor pake knalpot blombongan, tp telinganya disumpel kapas. Dia ga ngerasain, tp org sekitarnya telinganya pekak. Curang. Urik. Coba itu pak pulisi mripatnya disuguhi lampu biru kelap kelip 10 menit aja, gringgingen gak itu matanya.;HAM
Abangnya temen gua kena tabrak lari di daerah Grogol, hp sama dompet hilang dirampas entah sama siapa yang malam itu nolongin, ambulance pun harus adiknya yang nelepon. Mangkanya respect bngt sama warga yang aware soal ginian, ga bikin orang yg sudah jatuh tertimpa tangga.;HAM
Wooooalah https://t.co/WJeG4hAcOn;HAM
"Wujudkan Kenyamanan Pengunjung, Polsek Gedongtengen Sapa Malioboro Yogyakarta. Jumat 18/07/2025 pagi
                    https://t.co/AlmiMcSQyh";HAM
"POLSEK TANGERANG GELAR PATROLI MOBILE CEGAH KEJAHATAN JALANAN DI MALAM HARI

Dalam rangka mengantisipasi potensi kejahatan jalanan pada malam hari, Polsek Tangerang dipimpin oleh AKP Ronald Sianipar, SH, MH, melaksanakan patroli mobile di kawasan pinggir tol Jalan Jambu Raya. https://t.co/JYfKJJk6EP";HAM
"Hallo min, mau share info. Saya kemarin Selasa (15/07/2025) pukul 15.50 habis kemalingan helm saat ambil fcan di depan SMKN 2 Godean. Posisi helm saya taruh di spion motor yang tepat dibelakang saya berdiri. Mohon info yang mengenali ciri-ciri orang seperti di CCTV dan di foto ya min. Terima kasih????

(Utariisnaini)";HAM
YG PAKE KNALPOT BRONG LU ANJG BGT GANDENG IH TI PAGI NGA GEBER NGABANGUNKEUN BATUR WAE;HAM
Sadarilah, kepala kita cuma satu dan itu sangat berharga. Jangan pernah sepelekan pentingnya helm saat berkendara. Kecelakaan bisa terjadi kapan saja, tapi persiapan kita bisa meminimalisir risikonya. #PakaiHelmituKeren https://t.co/Ljf8IyuMb0;HAM
@AnzaiTakt wah asik nih, bawa pasukan tabrak lari ahhh https://t.co/DrrfI3uo80;HAM
@estepanasloro @kareseia barrakallah ????????;HAM
"Pikir2 ulang naik garuda deh skrg
Ya emang kecelakaan transportasi udara paling kecil rasionya dibanding yang lain, tp sekali kecelakaan wassalam
Mungkinkah habis ini insidennya meningkat?";HAM
@starforrain Aku dari dulu emang suka pakai outfit yg warnanya tabrak lari?? Kalo nggak tabrak lari ya full hitam dari atas ke bawah??;HAM
09.01 WIB #Kecelakaan_Purbaleunyi di Darangdan KM 98+800 arah Jakarta,  ada kendaraan Truk di bahu luar/kiri, dalam penanganan petugas.;HAM
Sebuah Krisis nyata di depan mata;HAM
Polsek Kedamean Laksanakan Patroli Dialogis, Wujudkan Keamanan dan Kedekatan dengan Masyarakat, antisipasi gesekan antar perguruan silat dan kejahatan jalanan (17/07/2025) #polriuntukmasyarakat https://t.co/rroiCjZmAE;HAM
"Patroli KRYD Polsek Ponjong Guna antisipasi gangguan kamtibmas,  kriminalitas serta kejahatan jalanan diwilayah Ponjong
 
#PolriUntukMasyarakat #pengamanan #Yanmas #Harkamtibmas #PoldaJogja #PoldaDIY #PolresGunungkidul #AmanNyamanDamai #Polsekponjong https://t.co/5g6SOukGlD";HAM
Sore yang indah. https://t.co/uqoMv5CeoO;HAM
@txtfromjogja Meriah tenan;HAM
@selfolssi dia suka yang mukanya kek jambret katanya nder @mingyu9k;HAM
Kecelakaan lalu lintas terjadi di Jalan Lintas Padang–Bengkulu, tepatnya di depan SMK Adi Karya, Koto Panai, Nagari Air Haji, Kecamatan Linggo Sari Baganti, Kabupaten Pesisir Selatan, pada Kamis malam (17/7/2025) sekitar pukul 20.30 WIB. https://t.co/fg4SpyncJ7;HAM
@merapi_uncover Spikerku rusak po iki;HAM
"•lacak hp hilang by no hp / imei
•lacak penipu/scammer/tabrak lari/terror/revengeporn 
•sadap / hack / pulihkan akun
#zonauang #zonauang?";SPAM
@TARONET3D di malioboro udah 5G;HAM
"Pada terjalnya jalan yang dilalui, sampai pada garis akhir. Berjuanglah sampai titik darah penghabisan dan mengakhirinya dengan baik. Tuntaskan dengan sepenuh jiwa dan raga! @PSSleman 

Never Ending Trust??

#SelesaikanDiMadura https://t.co/kEizsygUlO";HAM
@Ratu_Bagus montore blombongan ra?;HAM
"@nakaaa_w Doa terbaik untuk semua hal berkaitan dengan perkara ini mas. 
Podo Jogjane, sagete namung Nderek bekosungkowo lan dedongo. ??

#JusticeforDaru";HAM
Jangan stalk aku, liat profesi jambret dari dulu yang maling HP Samsung A32, Oppo A3s, Headset,Gitar,Uang, Kacamata,dll ke aku, yang dipenjara berkali kali (ga kehitung).;HAM
"Bisa 2 kemungkinan
1. kebutuhan buat obat / judol
2. barang spanyol hasil jambret , nyopet dll https://t.co/fEdWV146BP";HAM
09.28 WIB #Kecelakaan_Serpong_Kunciran di Parigi KM 21+200 arah Serpong, ada kendaraan Truk Box terbalik di lajur 2-3/tengah-kanan, dalam penanganan petugas.;HAM
Hati hati yang lewat Bogem Kalasan https://t.co/AZVyVoUUWB;HAM
@ARSIPAJA Haha lucu sekali;HAM
Bangun, lur, kota sudah dikepung tentara dan POLISI;HAM
Blombongan i cen asu og kadang2;HAM
"Min aku mau cerita Jadi kan saya kerja dibutik kebaya, nah pintu kios itu kan ditutup. Kebetulan saya disini ber4 bareng anak pkl 3 orang nah pas anak pkl pada keluar cari makan siang kan mereka ber3 keluar semua.  Saya sendiri jaga butik.  Selang mereka keluar lurang lebih sekitar 7 menitan datanglah si ibuk  masuk kebutik tempat saya kerja saya pikir ibuk itu mau sewa atau jahit kebaya dan ternyata enggak. Ibuk itu duduk dan ngasih saya kertas nah karna saya gak paham apa isi tulisannya saya translet lah tulisan dikertas ibuk itu nah pas saya artikan saya bingung intinya dia itu tuna rungu dealf gitu terus inti dari tulisan itu dia minta uang,makanan/minuman untuk dia makan nah terus ditulisan itu dia jelasin kalo dia itu gak punya kerjan dan tidur pindah pindah dipinggir jalan dijembatan didepan ruko gitu.  

Tapi anehnya dari kalimat itu di akhir tulisan itu dia bilang kalo dia pulang kebantul jawa, padahal ditulisan diatasnya dia bilang kalo gak punya rumah dan tidur pindah pindah. Nah tetus setelah saya selesai translate saya kasihkan kertas itu ke ibuknya nah ibuknya giranya saya foto padahal saya cuma translate pas saya jelasin ibuk itu gak percaya dan malah marah marah sama saya. Terus saya bilang maaf bu saya itu gak foto tapi saya translate kertas ibuk karna saya gak oaham sama bahasanya ibuk. Terus ibuk itu malah bilang saya dosa lah tuhan marah lah dan akhirnya saya takut min sebenernya alhasil saya bentak ibuk itu saya bilang ibuk saya sudah jelasin baik baik keibuk tapi gak paham dan malah marah marah ke saya akhirnya karna saya takut dan muak saya dengan sekidit teriak bilang ke ibuk itu ibuk keluar atau saya lapor dan teriak. Terus ibuk itu keluar tapi sambil terus marah marah sama saya karna saya takut ibuk itu melakukan hal yg aneh2. Alhasil pas ibuk itu keluar saya kunci pintu butik sambil nunggu anak pkl pulang dari makan siang. Kejaian itu berlangsung sekitar jam 13.10 min dan ibuk itu marah marah sekitar 20 menitan ke saya... Jujur min saya panik saya takut ibuk itu ngerusak barang yng ada di butik tempat kerja saya. Buat himbauan aja min kalo misl ketemu ibuk itu atau orang yang minta minta sumbangan atau minta uang ditolak aja min takutnya malah ngelunjak dan keterusan. Ciri ciri ibuknya
(pakaian baju abu kaos panjng, celana coklat tua dan pakai ketudung coklat dia pakai tas selempang dan anehnya ibuk itu kelihatan orang yang sehat min bersih soalnya dari baju, muka, dan enggak kayak orang irang pinggir jalan pada umumnya) Oiya min lokasi kejadian ibuk itu marah marah dibutik tempat saya kerja dijalan kaliurang km.15 min Tolong ya min nama saya disamarkan. Terimakasih merapi uncover";HAM
Jogja Gempa ki? Po vertigo ku sik rung mari? ????????;HAM
Semoga para jambret masuk neraka gak usah ditanya² lagi;HAM
tebak, ntar robot apa yang dibikin tukang robot wakanda, robot jambret... yak betul ??;HAM
Compete at the Pencak Silat Choreography Competition during the 8th Malioboro Festival, 12th - 14th September 2025 in Yogyakarta, Java, Indonesia. Contact us to express your interest! #Jogja #MartialArts https://t.co/IMyG9aXBad;HAM
"Sopir Truk Pelaku Tabrak Lari di Jepara Berhasil Ditangkap Polisi #BNetwork 

https://t.co/NjhivLssN9";HAM
@AntiElitGlobal Isooo wae iki;HAM
Pada hari Kamis tanggal 17 Juli 2025 pukul 23.00 wib s/d Selesai Personil Polsek Binjai melaksanakan Patroli di tempat tempat rawan, antisipasi kejahatan jalanan berupa Balap Liar, Geng Motor maupun 3-C ( Curah, Curat dan Curanmor ) di Wilayah Hukum Polsek Binjai https://t.co/eZRZWlVyEV;HAM
"Laga pamungkas berakhir dengan kemenangan di Madura. Terimakasih kepada pemain yang sudah berjuang, suporter dan kita semua yang telah menemani langkah PSS sejauh ini. Jangan henti!

Lekas sembuh kebanggaan kami @PSSleman 
PSS PER SEMPRE???? https://t.co/ui05H16pTj";HAM
"Hallo Min, mau cerita. Aku adalah owner Run Coffee and Eatery Jakal KM 13. Tadi siang dapet chat yg ngaku dari Yonif 403 Kentungan untuk order 450 cup coffee senilai 9.5juta di cafe kita, karena ragu mereka juga belum kasih DP akhirnya aku cross check langsung ke 403. Disana ketemu dg Pak Gilang dan dijelaskan kalau tidak ada pemesanan dari 403. Diinfokan juga kalau tadi siang ada coffee shop lain yg sudah datang bawa kopi 8 kardus ke 403 ?? mereka juga kena orderan fiktif min.
Aku sharing ini semoga ga ada owner"" coffee atau lainnya yg kena modus yg sama.
Thank you Min";HAM
BCS secara penuh mendorong manajemen untuk segera melakukan RUPS, evaluasi kinerja orang-orang yang gagal dalam mengelola klub ini WAJIB dilakukan! Profesionalitas sebuah klub tentu juga dinilai dari prestasi sebagau hasil kerja orang-orang di dalamnya.;HAM
malioboro night?? https://t.co/uYdMfKPbNs;HAM
Personil Polsek Perbaungan Polres Serdang Bedagai melaksanakan Giat Patroli *BLUE LIGHT PATROL* Deteksi, Monitor antisipasi 3C, kejahatan jalanan dan Kejahatan Lainnya di Wilkum Polsek Perbaungan. https://t.co/wp00AQtTdL;HAM
Sudah selesaikah dengan sebuah permohonan maaf atas turunnya kebanggaan kita ke kasta kedua? Minta maaf tanpa evaluasi itu sama saja, bicara target naik kasta oleh Gusti Randa sepertinya jangan berharap pada hasil berbeda dari pola penyelesaian yang sama, kami tidak bodoh??;HAM
"@toe_giman Lecet dikit lah ??????
Emang yang cocok buat ngadepin jambret pake Toyota Hardtop kok. ??";HAM
09.25 WIB #Kecelakaan_Serpong_Kunciran di Parigi KM 21+200 arah Serpong, ada kendaraan Truk terbalik di lajur 1-2/kiri-tengah, petugas menuju lokasi.;HAM
@martogibol ??????udu aku lik ??;HAM
Musim depan harus benar-benar dipersiapkan mulai sekarang juga. Kontrak pemain, pelatih, akademi, hingga penggunaan stadion Maguwoharjo HARUS dilakukan segera. Waktu kita tidak banyak, kami tidak akan tinggal diam ketika klub PSS hanya 'sekedar jalan'.;HAM
"??????????.

Tepat 30 hari yang lalu PSS berlaga di kasta tertinggi liga Indonesia. Per malam ini, belum ada pergerakan berarti yang nampak dilakukan oleh manajemen @PSSleman dalam menyikapi kejadian musim lalu dan persiapan musip depan.

Sebuah utas https://t.co/IgokPyaogH";HAM
"Ijin selamat malam min. Kejadian Buang Sampah sembarangan di jalan kampung, kejadian hari Rabu, 16 Juli 2025 sekitar jam 11.30 WIB di Selatan SMP IT Islam Terpadu LHI Jogoragan Banguntapan Bantul. 
Ada pemotor merk motor Vario hitam no plat tidak begitu jelas dikendarai oleh seorang lelaki membuang sampah satu kresek di jalan kampung yg notabenya dijaga kebersihannya sama warga kampung. Tindakan yg sangat kurang baik, tidak perlu dicontoh dan tidak menghargai wilayah sekitar oleh orang yg bukan domisili di kampung tersebut. Untuk pembelajaran buat semuanya Jangan buang sampah asal sembarangan. Terimakasih min dan ijin di hide user saya ?? Salam Hangat Jogja Istimewa";HAM
@k_tuaethnic @ferdinand_mpu Harley ... kw modelan modelan motor jadul ... di kasih knalpot brong??????;HAM
Wes ono sik gawe jogja rasa dieng rung?;HAM
"Info lur, Hati-hati ada lubang di jalan Kaliurang km 10,9 (depan lapangan sepak bola Gadingan)

Lubangnya cukup besar dan dalam, banyak yang kejeglong lur, tadi saya lewat sampai dipilox putih dan ditulis tulisan misuh (gak tau siapa yg nulis)

Ada beberapa lubang ke arah Utara dengan tulisan yang sama.

Semoga segera diperbaiki drpd ada yang jatuh";HAM
Pada hari Kamis tanggal 17 Juli 2025 pukul 16.00 wib s/d Selesai Personil Polsek Binjai melaksanakan Patroli di tempat tempat rawan, antisipasi kejahatan jalanan berupa Balap Liar, Geng Motor maupun 3-C ( Curah, Curat dan Curanmor ) di Wilayah Hukum Polsek Binjai https://t.co/VEYXa08A1H;HAM
"Nuwunsewu admin, izin berbagi keresahan saya, mewakili suami, dan mungkin juga para perempuan2.

Jadi kejadian di Stadion Sultan Agung, Bantul, 16 Juli 2025, sore hari. Waktu itu kami milih track pacuan kuda, tapi karena angin kencang akhirnya kami memilih track keliling stadion.
.
Pas keliling stadion banyak banget orang yang megang kamera dan Wallahua'lam, saya ndak tahu mereka sudah izin atau ndak, atau dari pihak stadionnya sendiri ada mekanisme izin atau ndak. Tapi terlepas dari hal (perizinan) tersebut, masalahnya mereka ngephoto orang-orang, dan orang-orang yang jadi objek photo gk tahu bagian apa yang diphoto, pose kaya apa yang diphoto.
. 
Kita ketahui bersama bahwa banyak yang mohon maaf pakaiannya belum menutup semua aurat sesuai dengan syariat islam ketika olah raga di tempat umum, dan zaman2 ini banyak sekali modus2 pemuasan nafsu dengan cara yang tidak halal dan plus aneh2.
.
Saran saya kepada semua photographer baik laki-laki maupun perempuan, bertakwalah kepada Allah.

Lanjut... Minta izinlah kepada yang mau diphoto, terlepas njenengan semua sudah izin sama stadion tapi tubuh kami bukan milik stadion, panjenengan harus minta izin dulu sama setiap orang. Karena ini bukan event, dan ini adalah sarana umum dan fasilitas publik.
.
Maturnuwun sanget. Mohon untuk dianonimkan nggih admin

Ada beberapa photo yang menunjukkan banyaknya photographer disana

Saya ndak izin sama mereka karena objeknya ndak jelas wajah, tubuh, dan identitas mereka.";HAM
rill bocil nekat motoran blombongan keliling jkt sendiri tengah malem??;HAM
Nekat keluar dengan outfit tabrak lari?? Kaos pink, celana ungu, outer + jilbab item, selop navy tosca gonjreng. Untung jalannya gelap????;HAM
Tulmbantul maneh.. https://t.co/aWfIVkW2QP;HAM
Ono wae gebrakane https://t.co/NyYFdhgWDR;HAM
sumpah hari ini serem banget, ada yang meninggal kecelakaan di lampu merah al azhar. kecelakaan di csw terus kecelakaan di cawang kaya ya Allah ??????;HAM
Sore ini terpantau ada operasi Progo di Yogyakarta https://t.co/gcQ6e3Ntjk;HAM
@gadaapaapabre @BASEMANLY boleh aja, asal jametnya kayak gimana dulu siiih, intinya gak yang rambut di jabrik kayak anak punk, motor scopy knalpot brong roda kayak punya sepeda, tato mata. kalo gak gitu berarti aman;HAM
Berikan mimin Tongkat Musa, akan mimin pajang di gubuk-gubuk rakyat tertindas. Tulisan kekuasaan dan kenabian patut dibaca karena tulisan ini menyentil watak yang mengaku para pendukung kebenaran.;HAM
@Pai_C1 Sein nya kayaknya telat deh...udah belok ada kecelakaan baru nyalain sein itu ????;HAM
"Min, mau cerita tapi mohon disamarkan njih

Hari ini (Kamis, 17 Juli 2025), jam 09:00  berlokasi di Cosan Kotabaru.

Area duduk kebetulan baru ada tukang yg ngecat tembok + masang beberapa perlengakapan. Karena kondisi ngecat, ada ember cat yg ditaruh diposisi aman sama tukang ketika progress, dan sudah di blockade.

Singkat cerita, gatau gimana ada mba-mba sama temannya lewat dengan posisi ngobrol menyenggol cat dengan isi 3/4 tersebut. 

Logikanya kalau jatuh langsung reflek diangkat atau dirapikan kan yaa.. Sayangnya mbanya itu cuma bilang ke tukang, kalau cat nya tumpah, terus dengan entengnya naikin kaki ke kursi (membersihkan cat yg kena sepatu), dan pergi ke kamar mandi..

Herannya, sampai dengan keluar kamar mandi, mba mba dan temannya langsung cabut tanpa ketemu dengan tukang-tukang yg terlihat kesusahan membersihkan cat yg jatuh dilantai. Bahkan ada 15-30 menit para tukang berhenti kerja cuma buat bersihin, sekaligus ngetutup bekas cat dilantai pakai adukan abu abu.

Pesen aja sih buat mba nya, minimal kalau numpahin cuma sampaikan minta maaf dan kasih pertanggung jawaban seminimal mungkin dong mba. 

Gak sekedar ngasih tau, bersihin diri sendiri, terus cabut. Manner seminimal mungkin konfirmasi ke tukang, kira kira apa yg perlu dipertanggung jawabkan atau apapun itu. Bukan justru ninggalin..

Yang dilokasi pada ngeliatin dan kasian sama tukangnya, kasian karena mba nya bener bener engga se bertanggung jawab itu. Iya kalau atasannya bisa mensiasati, kalau engga?

Emang ya, basic manner perlu banget adanya. Ntah yaa, karena malu atau apa di tempat yg dirasa cozy atau hits terus sengaja ninggal cabut, atau konteksnya malu

Cuma jadi pesen aja buat semua, kalau merasa melakukan sesuatu yg merugikan, tolong tanggung jawab seminimal mungkin yaa.. Entah yg dirugikan pada akhirnya fine fine aja, tapi setidaknya kamu bener bener memastikan tindakan kamu itu ga masalah untuk dia.. Bukan sesingkat ngelakuin, terus tinggal pergi

Mohon disamarkan, ty";HAM
@graceleeyaw @wannaonesome Ihhh tabrak lari orang ini????;HAM
@aitneserk Di Jogja juga udah rame orang lari2, di Malioboro wkwkwk;HAM
"Selamat merayakan Hari Raya Idul Adha 1446 H/2025 M????

Mari bersama belajar tentang keikhlasan dan pengorbanan. Semoga keberkahan dan keberuntungan selalu menaungi langkah kita ke depan. Ale!

#BCSxPSS https://t.co/OSdsuSPfBH";HAM
Tidak akan ada demokrasi dengan pentungan dan tembakan gas air mata yang membutakan mata rakyat. Yang ada hanyalah kekuasaan bertangan besi, antikritik, dan culas, seperti dinasti jokowi dan penerusnya yang berwatak ORBA , beserta alat-alat kekuasaan bernama polisi dan tni. https://t.co/JGJhbI5sfH;HAM
Sik do waspada dab, Iki depok concat ?? https://t.co/SYfFamnGjl;HAM
Banyak sekali hal buruk yang kita alami bersama di musim lalu. Performa yang payah, kualitas pemain yang tidak seimbang, omong kosong perwakilan manajemen, dan masih banyak lagi. Berbenah atau bubrah! Ayo!;HAM
Dari kegaduhan nge-band sampai pagi, lalu gantian drama tukang cabul, sekarang gantian drama sepanjang hari blombongan motor ngulon ngetan + hoak hoek cuhh pagi-malem yg njijiki banget. Demi allah, lingkungan rumahku udah ga bisa dipakai hidup tenang anjjj.;HAM
"Personil Satlantas Polres Tanjab Barat melaksanakan kegiatan Patroli Blue Light On memberikan rasa aman dan antisipasi gangguan kamseltibcarlantas aksi balap liar dan knalpot brong di Jl. Prof. Dr. Sri Soedewi.
(16/7/2025) https://t.co/v4D8p2TU0Y";HAM
RS Grhasia wes ra ngatasi https://t.co/lYhtWZPMdl;HAM
Punya pacar pembalap kaya gini mau motornya blombongan dan dimodif pake stang bunder dan jok njepat depan juga ga malu (jangan lupa stiker skotlet tanggal jadiannya juga) ??????;HAM
"???????????????? ???????? ????????
“?????????????? ?????????? ???? ?????????? ??????????????, ?????????????????? ?????????????? ??????????????”

?? Minggu, 20 Juli 2025 
? 17.00
?? Gereja St. Yoseph Medari, Sleman. https://t.co/ydzuc6GcA5";SPAM
Personil melaksanakan giat patroli malam seputaran bandara lama antisipasi balap liar dan knalpot brong https://t.co/YgnQBjuDUv;HAM
dalam Operasi Patuh Candi, seperti penggunaan helm, knalpot brong, dan larangan pengendara di bawah umur. Kehadiran Polri diharapkan mampu membangun kesadaran hukum dan rasa aman bagi masyarakat.;HAM
wasite koyo luhut patrapnya;HAM
Haadehhhhh https://t.co/OdT3ifafGJ;HAM
@SatriaaGee di awali mlayu disik ben gayeng ??;HAM
@toe_giman Kalau saja ada empati si mobil merah, jgnkan lecet, sampe penyokpun nabrak si jambret, mgkin banyak yg donasi untuk perbaiki mobilnya, yg vidio masih mnding smoga yg berwajib gercep;HAM
@NF_2502 @Pai_C1 Nyalain bang, tapi sepenglihatan saya telat, sopir nyalainnya pas setelah terjadi kecelakaan.;HAM
@Dzulfahmi98 cocok dibuat muter lagu draglord sama tabrak lari, mberrr;HAM
@agil_lotox @merapi_uncover rodo mecicil berarti lik ??;HAM
@ARSIPAJA Panen tilangan aja pak lebih bermanfaat, itu yg kendaraan bodong blombongan, tanpa helem, odol;HAM
"[Breaking News] 22:45 Info min ada kebakaran di jl sidikan 60 tepatnya depan perumahan kuantan utara smkn 4 , Sudah terkondisi oleh 2 damkar kbakaran di ketahui dari pembakaran sampah dan merabat ke kayu dan 

(arief_setyawan08) https://t.co/riVLjG9yln";HAM
"Tahap 2 Kasus Curanmor dan Sajam, Unit Reskrim Polsek Berbah Serahkan Tersangka berikut Barang Bukti

Sleman – Unit Reskrim Polsek Berbah melaksanakan tahap 2 (penyerahan tersangka dan barang bukti ke Kejaksaan Negeri Sleman) , Rabu pagi (16/7/2025) di ruang tahap 2 Kejaksaan Negeri Sleman yang dipimpin Aiptu Widaya.

Penyerahan (tahap 2) ini terkait kasus pencurian kendaraan bermotor (curanmor), dan kepemilikan senjata tajam tanpa izin yang berhasil diungkap oleh Unit Reskrim Polsek Berbah, yang sebelumnya mencuat disalah satu media sosial terkemuka. Dua tersangka (dalam perkara terpisah), RS dan ZAP, resmi diserahkan bersama barang bukti ke pihak kejaksaan untuk proses hukum lebih lanjut.

Dengan penanganan cepat dan profesional, diharapkan kedepannya dapat semakin menekan angka kejahatan jalanan, khususnya di wilayah hukum Polsek Berbah.

(Polsek Berbah)";HAM
"#polresbogorhadir 
#polresbogor
#polsekparung

Pelaksanaan Apel dan Giat KRYD Gabungan 3 Pilar Di Pimpin Pawas IPDA BAMBANG INDRA. S., bersama TNI Polri dan Satpol PP patroli di wilayah Polsek Parung antisipasi C3, Razia Miras, Knalpot Brong, Balap Liar, Tawuran. https://t.co/CMehvkRkPn";HAM
Semoga kita dijauhkan dari pengkhianatan sebab kehormatan sesungguhnya adalah kesetian di garis rakyat melawan penindasan.;HAM
@JOGJAMEMANGGlL MASHOOOK;HAM
@mnijunggkook Jambret hpnya;HAM
Polsek Kedamean Laksanakan Patroli Dialogis, Wujudkan Keamanan dan Kedekatan dengan Masyarakat, antisipasi gesekan antar perguruan silat dan kejahatan jalanan (17/07/2025) #polriuntukmasyarakat https://t.co/HMws0sy6uf;HAM
@detikcom Padahal Boeing pesawatnya sering error dan kecelakaan ?? dan whistleblower-nya mendadak ditemukan ??;HAM
@Jateng_Twit tetep teko neng lokasi aku ??;HAM
09.26 WIB #Kecelakaan_Purbaleunyi di Darangdan KM 98+800 arah Jakarta kendaraan Truk SELESAI penanganan.;HAM
@sayayadya2 malioboro?;HAM
"Open jasa lacak lokasi??
- HP HILANG
- PENIPU
- TEROR
- TABRAK LARI (NO POL)
- PERSELINGKUHAN 
- VIRTEX 
Yang mau nyari jasa lacak bisa ya dm langsung wa ada si bio,kalau jelas kasus nya bisa di bantu

#zonauang
#zonajajan
#zonaba";SPAM
Pakai Knalpot Brong, Dua Pelajar Berseragam Pramuka Disetop Polisi, Guru Dipanggil https://t.co/FjbOYLupIb;HAM
"Kocak banget cahol ku di jambret orang????
Mana ada PC sunwoo guguk lagi puqi";HAM
"Jam 2 esuk!!
Bunderan Siyono GK ?? https://t.co/el49e7WKy8";HAM
Boeing telah lama dikenal sebagai pesawat berbadan besar dengan kemampuan terbang jauh. Pada kenyataannya, pesawat ini beberapa kali kecelakaan. https://t.co/AJzi5qouDh;HAM
@rurulistyana jebule hooh;HAM
"Sugeng tindak kagem Almarhum Mas Bimo. Mugi sedanten amal-ibadahipun tansah pun tinampi dening Gusti Allah SWT.

Swargi langgeng, Mas Bim. Langgeng ing Jati????";HAM
Perlu terus diwaspadai kebijakan-kebijakan yang akan dibuat tentu harus menguntungkan mereka sebagai pembisnis sebab memihak kepada rakyat kecil menjadi tugas yang berat bagi mereka.;HAM
terbayang-bayang pak?;HAM
mas arip numpak motor blombongan, wong urip ora gor ngurusi balbalan ????;HAM
"Gais hihihi aku habis kena jambret ??
Cahol + PC taerae sama gaetolz ku sekarang hilang????";HAM
"Personil Satlantas Polres Tanjab Barat melaksanakan kegiatan Patroli Blue Light On memberikan rasa aman dan antisipasi gangguan kamseltibcarlantas aksi balap liar dan knalpot brong di Jl. Pelabuhan Roro Parit 7.
(16/7/2025) https://t.co/m5caY1KWMx";HAM
"Untaian harapan di tanah gersang, doa untuk PSS Sleman dalam mengarungi kompetisi yang akan datang, serta untuk saudara kami yang sudah berpulang. Juga akan ada pemberkatan bunga, ?????????????????????????? untuk membawa.

Siapkan kolekte terbaikmu. Berkah Dalem. ??????? https://t.co/tEu3rldccr";HAM
wong wong sing kenalpot e blombongan i golek opo yoo;HAM
"Informasi pendaftaran Away Surabaya. Silakan cermati terkait waktu, tempat dan tanggal pendaftaran.

Rek aku teko rek?????? https://t.co/I8apAqD0Mo";HAM
"lacakk lokasi orangg
•lacak hp hilang by no hp / imeii
•lacak penipu/scammer/tabrak lari/terror/revengeporn
•sadapp / hack / pulihkann akun
#zonauang";SPAM
"EYEKKAN NGLUWAR.
BAKUL SAYUR DIY JATENG BERSATU. AGENDAKAN @Jateng_Twit";HAM
"REVISI UU TNI-POLRI? RKUHP? 
Lawan diktator Jokowi-Prabowo!";HAM
"Sebentar lagi bakal ada Jalan Wisata baru dengan pemandangan yang, membelah perbukitan Prambanan. 
Progres Terkini Jalan Tembus Sleman-Guningkidul yang jalurnya mulai tersambung panjang. Jembatan tebing breksi sudah bisa dilewati lurr mulusss!

(Ariechidori) https://t.co/YMQWoEMEn8";HAM
@Beranda_Godean areamu jann losss tenan lik;HAM
wayahe supra blombongan plat abang tampil sek??;HAM
@hayru @mawbelz @sotaaoen *tngkep @mawbelz * ini bang jambret mangga dua;HAM
Untuk memperpanjang napas perlawanan, kita perlu membangun ekonomi kolektif. Ekonomi kolektif ini salah satunya kami aktualisasi melalui penjualan baju. Seluruh keuntungan produksi akan kami gunakan untuk Aliansi Jogja Memanggil dan gerakan-gerakan perlawanan lainnya.;HAM
"Pukul 03.05 WIB terpantau andong dengan info kusir e keturon, jarane geblas dewe lawan arus ning ring road
Jogja akhir-akhir iki sibuk bgt.. ?? https://t.co/lcLt8FRvoT";HAM
semoga wkt gue udh tua knalpot blombongan udh ga ada yaAllah takut mati krn jantungan;HAM
sebulan yang lalu jadi saksi mata anak laki SMP kecelakaan sampe tewas.. pagi ini jadi saksi mata anak laki SMA mau bunuh diri lompat dari jembatan.. sangat sangat bikin sesek..;HAM
@damsellaette @ssuarchaa_ SINI REP, malioboro nya sby ini;HAM
Kowe bakal angel bersyukur, nek wong liyo sek tok nggo tolak ukur;HAM
"@toe_giman Bayangkan, ini jambret di siang bolong, di pusat kota Jakarta, hanya berjarak tidak lebih dari 2km dari istana negara !!! 
Se-aman itu lah negara kita.";HAM
@sturzss Artjog tuh bagian mana... (MAAF BANGET MAKSUD AKU JALAN KEKNYA SOALNYA CUMAN TAU MALIOBORO);HAM
Pada hati-hati buat siapapun kalian. ??;HAM
@pzx1313 @merapi_uncover edan tenan nek isih berkeliaran;HAM
"Dalam kegiatan tersebut sasaran penertiban pelanggaran traffic light, Marka, kendaraan layak jalan, helm standar, knalpot brong dan surat-surat kendaraan. 

 @Spripim_Polri @jogjazebra
#patrolijogja #poldajogja #polresjogja #humaspolsekgk #polsekgondokusuman";HAM
selak ra sabar numpak f1zr blombongan karo nggowo piala;HAM
Jajaran Unitsamapta #polsektegalrejo dipimpin Panit 2 Samapta Aiptu Puput Tri Atmojo melaksanakan patroli dini hari di sejumlah titik potensi rawan, Jum'at (18/7/2025). Kegiatan ini sebagai langkah antisipasi terhadap gangguan kamtibmas seperti kejahatan jalanan https://t.co/eYGE0fHqjL;HAM
@NarasiNewsroom BABI BU BABU RAHMAN!;HAM
"@merapi_uncover Matur mawon ndak, nderek diaturke keatas dibuatkan operasi rutin juga patroli tidak ditempat. Kadose kok sakniki sampun jarang sekali ada operasi.
Knalpot blombongan, ora pake spion, ora ono plat nomer. Ndak selak menjadi budaya yang mengacuhkan peraturan berkendara yang baik.";HAM
"Keterlambatan melakukan latihan perdana tentu akan berdampak banyak pada performa musim yang akan datang. Kami ingin dalam minggu ini ada komunikasi yang terjalin maupun rilis resmi di sosial media. Mari bersinergi menjalani musim depan dengan penuh keyakinan! 

Ora muntir!";HAM
@gupolskuy Melu;HAM
semoga amal ibadah Faisal Basri diterima di sisi-Nya dan perlawanannya menjadi semangat anak muda untuk melawan penindasan.;HAM
"LOKER JOGJA TERBARU: Housekeeping di Radyoharto Hotel Malioboro by Parigata
#lokerjogja #lowongankerjajogja #loker #jogja #yogyakarta
https://t.co/AUeJoTULOm";SPAM
"Min mau laporan ada penipu di toko kami seputaran Tugu Jogja.. Modus penipuannya tukar yang receh, kejadiannya kemaren tgl 16/07/25 jam 11an siang
Jd dia dtg dg membawa uang receh 500 dan 1000 rp satu tas kresek besar.. Krn blm dihitung oleh pegawai kami trus dihitung, nah disitu mulai penipuannya.. Saya sertakan video dan foto CCTV nya ya min.. Mohon utk di up ya min, takutnya masih berkeliaran diluar dg modus yg sama..

Nah ini modus penipuannya min, tangan nya merogoh saku utk ditambahkan ke dalam topi.. Jd nanti didlm topi itu jd bertambah uangnya yg dihitung

Jd kan mrk hitung per 20rb, setiap 20rb itu 1koin dimasukkan ke topi, nanti stlh selesai penghitungan jumlah koin yg ada di dlm topi dihitung dikalikan 20rb,nah pada saat akhir sipenipu menambahkan gepokan koin dr sakunya trus dimasukkan ke topi nya.. Itu bisa dilihat dr video CCTV diatas min.. Saat pelaku merogoh uang koin disaku jaketnya trus dimasukkan ke topi terlihat jelass bangettt..

Dia berdua sama temannya min

(Tugu_point)";HAM
"lacakk lokasi orangg
•lacak hp hilang by no hp / imeii
•lacak penipu/scammer/tabrak lari/terror/revengeporn
•sadapp / hack / pulihkann akun
#zonauang";SPAM
@aadityaaaaw Wah ra gayeng yo;HAM
Turut berduka cita atas meninggalnya Pramudya Wisnu Aji salah satu anggota @GreenYouth_1976 . Almarhum mengalami kecelakaan saat perjalanan pulang selepas Away Madura tadi pagi. Semoga almarhum husnul khotimah dan keluarga yang ditinggalkan diberikan kesabaran????;HAM
"Tolong di up min, tolong juga jangan sebut username aku ya. Tq min. Sehat selalu

Min, aku mau cerita. Tadi malam aku lagi pengin cari udara segar, istirahat sebentar sambil duduk santai di kursi taman yang ada di area Pemda Sleman, tepatnya di depan kantor DLH Sleman. Tempat itu sebenarnya nyaman banget buat sekadar lepas penat. Lokasinya strategis, terbuka, dan yang paling penting, itu fasilitas publik. Artinya, siapa pun berhak duduk di sana tanpa harus keluar uang.

Tapi pas aku sampai di sana zonk dan putar balik, karena disana malah disambut pemandangan yang bikin kecewa. Kursi-kursi taman yang seharusnya bebas diakses semua orang justru sudah penuh dijejali kursi lipat milik pedagang kopi. Kursi-kursi mereka dibentangkan dari ujung ke ujung, memenuhi hampir seluruh area taman. Memang mereka tidak langsung mengklaim bahwa kursi taman itu milik mereka, dan mereka juga bawa kursi sendiri. Tapi dengan cara mereka menyusun lapak seperti itu itu, atmosfernya udah bikin siapa pun yang cuma mau duduk tanpa beli apa-apa jadi sungkan dan mikir dua kali.

Yang bikin makin miris, ini kan area publik, bukan tempat komersil. Tapi seolah sudah jadi tempat usaha pribadi. Aku jadi bertanya-tanya, apakah mereka memang punya izin resmi untuk menggelar lapak di situ? Dan kalau memang punya, siapa yang mengizinkan? Kenapa fasilitas publik seperti taman kota justru dikomersialisasi? Bukankah ruang publik seharusnya bebas dari kepentingan komersil? Tapi kalau ternyata tidak ada izin, kenapa bisa dibiarkan begitu saja?

Aku tidak sedang menyudutkan pedagang kaki lima atau pelaku UMKM. Aku sangat menghargai orang-orang yang bekerja keras cari nafkah. Tapi yang salah tetap harus disebut salah. Menempati ruang publik tanpa etika, apalagi sampai membuat orang lain tidak nyaman menggunakan fasilitas yang menjadi hak bersama, itu bukan cara yang benar. Ini bukan hanya soal duduk di kursi taman, tapi soal bagaimana kita bersama-sama menjaga ruang publik agar tetap bisa digunakan oleh semua kalangan tanpa syarat.

Aku harap pihak terkait di Sleman bisa lebih peka dan tegas. Bukan untuk menyulitkan orang berjualan, tapi untuk memastikan bahwa ruang publik tetap punya fungsi utamanya: menjadi tempat istirahat, berkumpul, atau bersantai bagi siapa pun, tanpa harus merasa terusik atau terpaksa beli sesuatu. Kalau ruang publik terus dibiarkan dikuasai oleh oknum, lama-lama orang jadi enggan peduli. Dan ketika masyarakat sudah kehilangan rasa memiliki terhadap ruang bersama, maka yang tersisa hanyalah kota yang dikuasai segelintir orang, bukan kota untuk semua.

Semoga ini bisa jadi catatan kecil untuk kita semua, terutama mereka yang punya wewenang menjaga wajah kota dan rasa nyaman warganya.

*ini adalah foto beberapa minggu yang lalu, kebetulan saya datang lebih awal sebelum mereka banyak menggelar lapak kopinya";HAM
motor2 yg knalpotnya blombongan rasanya pgn gw tembak bannya kl lewat, apalagi kl bocil lg tdur;HAM
Pajero Sport di Showroom Dihantam Innova Tabrak Lari, Airbag Mengembang https://t.co/OnjeV324vc;HAM
"Seperti tulisan dalam baju ini, ""Tidak ada pemerintah yang berniat baik, mereka harus kita paksa menjadi baik"", maka rakyat harus melawan kekuasaan sampai menang. https://t.co/Svu0ZoEQmN";HAM
Jalur dan Titik Keberangkatan Trans Jogja Melewati Kampus, Sekolah, Rumah Sakit, dan Malioboro https://t.co/bcztR3TuXV https://t.co/JrqI6E2RFv;HAM
@xxakuaaprill @kareseia sak plintengan;HAM
@Ngizudinn woosiapp likk ??????;HAM
@ddbyli Orgil banget orang kecelakaan malah dijadiin bahan shipping ???????? shipper kpop juga gak akan segila itu kayanya. Rasa ingin pulang makin tinggi sih kalo gitu mah;HAM
@merapi_uncover Mbok Knalpot Blombongan karo sing Mbrebegi Pak, di razia. Marahi panik, kecelakaan.;HAM
Memang sudah sampai mana pembenahannya?;HAM
Polsek Kedamean Laksanakan Patroli Dialogis, Wujudkan Keamanan dan Kedekatan dengan Masyarakat, antisipasi gesekan antar perguruan silat dan kejahatan jalanan (17/07/2025) #polriuntukmasyarakat https://t.co/Is7LKEIGqo;HAM
Marsinah dibunuh Dwifungsi tentara.;HAM
org yg pake knalpot brong gada bedanya kek sound horeg alias kontol;HAM
@toe_giman Liat jambret diklaksonin..;HAM
Ming sing otewe seko jalan solo ,cari jalan lain dulu tadi ada truck muatan pasir kemungkinan patah as roda ,deket lampu merah bandara adisucipto https://t.co/3Blt1wawMj;HAM
@Denisulistyo999 Tuekan kakean polah;HAM
@Mdy_Asmara1701 Kayae bnyak yg di dramatisir krn ltar belakang korban saja, gorden gerak kan krn ktiup angin dri luar, menurut ku sih ini kecelakaan saja, dia lilitkan lakban untuk nguranggi rasa sakit kepala nya,tp pas tertidur, lakban tanpa sengaja menutup jln nafas nya, hingga mati lemas. ??;HAM
"Memberikan Teguran Secara Tertulis Kepada Pelanggar Yang Tidak Menggunakan Helm Standar Nasional Indonesia (SNI), Tidak dilengkapi TNKB, dan Menggunakan Knalpot Brong
Kegiatan ini dilakukan dalam rangka Antisipasi Gangguan Kamtibmas serta menurunkan tingkat kecelakaan lalu lintas https://t.co/OUcFXAGAAi";HAM
"Assalamualaikum warahmatullahi wabarakatuh
Jika ada kampung/dusun di daerah Kulonprogo atau Gunungkidul yang belum memiliki masjid silahkan DM saya.
Kebetulan saya bekerja di sebuah lembaga zakat dan ada program tersebut
Terimakasih ??

@ditwicak";SPAM
Jadwal Bus Sinar Jaya dari Malioboro ke Parangtrtis Bantul Hari Ini, Jumat 18 Juli 2025 https://t.co/Vj1EX6WUvK https://t.co/fXTXiGc810;HAM
@intakblokM jogja aja udah,nnti dia naik delman di malioboro cobain kopi areng;HAM
"Memberikan Teguran Secara Tertulis Kepada Pelanggar Yang Tidak Menggunakan Helm Standar Nasional Indonesia (SNI), Tidak dilengkapi TNKB, dan Menggunakan Knalpot Brong
Kegiatan ini dilakukan dalam rangka Antisipasi Gangguan Kamtibmas serta menurunkan tingkat kecelakaan lalu lintas https://t.co/EUYyzkxuGg";HAM
"@Brajamusti_YK @S1H_Slemania Mari kita ciptakan suasana yang kondusif khususnya di Daerah Istimewa Yogyakarta agar kelak generasi kita selanjutnya dapat menikmati sepak bola sebaik-baiknya.

Tunggu kami kembali mbah??

BCS! ORA MUNTIR!";HAM
"Selokan Van Der Wijk dibangun jauh sebelum Selokan Mataram, yaitu pada masa Hindia Belanda, sekitar tahun 1901. Selokan ini dinamai dari seorang insinyur Belanda, Van Der Wijk, yang terlibat dalam proyek ini. Fungsinya adalah untuk mengalirkan air dari Sungai Progo menuju wilayah perkebunan tebu dan area pertanian Belanda.

Selokan Mataram dibangun pada masa pendudukan Jepang (1942–1945). Saat itu, rakyat Yogyakarta terancam dikirim sebagai romusha (kerja paksa) ke luar Jawa. Untuk melindungi rakyatnya, Sri Sultan Hamengkubuwono IX mengusulkan proyek pembuatan saluran irigasi sebagai pengganti pengiriman tenaga kerja ke luar daerah.

Membentang sepanjang ±31,2 km dari Sungai Progo (barat) hingga Sungai Opak (timur), melewati Kabupaten Sleman, Kota Yogyakarta, hingga Kabupaten Bantul.

(Sadat_situmorang)";HAM
@ArisIchsan @merapi_uncover nyimak lurrr;HAM
@cumonzaa Malioboro enak sendirian;HAM
"Malam kak, info telah terjadi Pencurian tabung gas di rumah. Kejadian hari ini kamis 17 juli 2025. 
jam 17:10 - 17:15.
Sebelumnya dari pantulan kaca pigura yg bersangkutan bolak balik. Sengaja akan mencuri.
Area pencurian jl bandengraya Minomartani Ngaglik Sleman Yogyakarta.
Semoga pencurinya segera ditemukan cukup meresahkan.
Terlampir video cctv dan fotonya";HAM
@Jateng_Twit @kareseia Ayo gas lik;HAM
@BRIGSER_1976 @Sambodja1976 @southgatebois @GreenFalco12 Wah ora diajak;HAM
Satgas Ops Patuh Tinombala terus gencar memberikan edukasi keselamatan berlalu lintas demi menekan angka kecelakaan di jalan. https://t.co/NZVEczyD8G;HAM
kayanya udah harus potong rambut deh, terakhir potong rambut pas di jambret itu ??;HAM
"Pukul 05;58 pagi tadi terjadi kecelakaan di ringroad  ,selatan per4an kotagede yogyakarta, hati hati saat berkendara

(Makhsun_2) https://t.co/x7NLMO8krq";HAM
Tolong untuk bantu share info donor darah? pure acara sosial, free, dan dapet konsum, goodie bag, sama doorprize melimpahh, thankyou  //@kareseia https://t.co/66knp3ZMV0;SPAM
@merapi_uncover partai blombongan siang hari aja pada di tangkepin, ini dini hari ngga diingetin sama sekali?;HAM
"Personil Satlantas Polres Tanjab Barat melaksanakan kegiatan Patroli Blue Light On memberikan rasa aman dan antisipasi gangguan kamseltibcarlantas aksi balap liar dan knalpot brong di Alun-alun Kota Kuala Tungkal.
(16/7/2025) https://t.co/z9vKULlxwP";HAM
@prominenncee @aduhyangmanayah JAMBRET ANAK TEKNIK SEMUA. AKU LUPA. Soon https://t.co/ErHrs2j7CE;HAM
"? lacak lokasi orang
? lacak hp hilang by no hp / imei
? lacak penipu/scammer/tabrak lari/terror/revengeporn 
? sadap / hack / pulihkan akun
[ WA DI PROFIL ?? ] -x2222

?? https://t.co/e09Xu8oZLt https://t.co/cuLhKUcZ7W";SPAM
Knalpot brong bangsat;HAM
"Patroli wilayah personil samapta poksek Pakualaman  dipimpin aiptu teguh bersama anggotanya melaksanakan patroli sambang dialogis tempat pengisihan bahan bakar  (SPBU) Sentul jl sultan agung. 
Antisipasi kerawanan maupun kejahatan jalanan 
Kamis 17/07/2025 malam. https://t.co/r7nUXgTFNG";HAM
"Matur nuwun @Green_Nord27 @TribunKidulSby @GateJhoner21 @bonekcasuals dan seluruh elemen suporter Persebaya serta masyarakat Surabaya atas keramahtahamannya. 

Sampai berjumpa di lain waktu, sehat selalu!???? https://t.co/dGqdwZ39R6";HAM
"YOH MLEBU, PEMANASAN???

#PSSday";HAM
"Tiba waktunya bertemu kembali????

Kulonuwun @Green_Nord27 @TribunKidulSby @GateJhoner21 @bonekcasuals dan seluruh elemen suporter Persebaya serta masyarakat Surabaya.

#PSSday https://t.co/QQ4q0s0oyH";HAM
"Laka tunggal di jl. Kaliurang km21 kejadian kurang lebih pukul 02.40 an, kejadian di jalan gelap sehingga kurang terpantau pengendara, sudah terkondisi dan dilarikan ke RSPN Pakem. Korban mengalami luka bagian kepala 

Pengkondisian oleh
Sarlinmas Kaliurang
Ambulance Bu rita Pantiasih
Satlantas Polsek Pakem";HAM
"[Breaking News] 00:24 Telah terjadi laka lintas di jl solo,jogonalan, truck menabrak mobil pickup yang sedang terparkir di pinggir jalan, di duga sopir truk mengantuk

(Tegarawesomee_) https://t.co/TdN8OBZAz6";HAM
"terjadi laka di jalan Cendana depan Warmindo Jinggo pada jam 23:17. motor vespa matic dan mobil adu banteng. mobil terlalu mememakan jalan padahal didepan ada motor. kondisi mobil dan motor rusak parah. pengendara motor luka bagian kaki dan gigi

(Ell.ajaaaaaa_) https://t.co/YNps1Ij70S";HAM
"Lagi ngopo?

Lagi berusaha berdamai karo keadaan, berdamai karo sesuatu sing ora isoh di ubah, ngikhlaske opo sing wis kedaden lan ora mekso sesuatu sing ora ditakdirke nggo aku";HAM
"Gunung Merapi ora nate lali janji. Tumindak kanthi sabar, nanging mesthi ana wektu lan tandha-tandhane.

?? Tol Khayangan - Magelang

(Ianpr.a) https://t.co/zYgQaNRQgF";HAM
"KIRAB AGENG [Metri Bumi Merapi] ??

Kirab yang diadakan setiap tahun di bumi merapi,bentuk rasa syukur daripada hasil panen di bumi merapi,dengan harapan semakin berkah berbuah berbarokah.

??Ds Tegalmulyo Kec Kemalang Kab Klaten.

(Wildmooss) https://t.co/73OpdqxX8B";HAM
"Selamat malam min, sedikit cerita ya min. Td sore saya sama temen saya berboncengan motor. Kebetulan saya yg ada dibelakang. Saat itu kami melewati kota gede. Dr arah barat ada motor yg berlawanan arah berboncengan juga mereka hampir kena senar layangan putus tetapi mereka bisa menghindar. Sebenaranya saya dan teman saya sudah melihat kalo senar itu hampir mengenai pemotor itu namun karena senarnya ga terlalu kelihatan saya dan teman saya tdk bisa menghindar untungnya teman saya tidak kena. Sayangnya saya yg kena diarea dahi dan atas mata sedikit. Saya meminta teman saya untuk berhenti niatnya mau saya tangkap senar itu tp sayangnya sudah hilang entah terbang kemana. Alhamdulillahnya saya tidak apa² hanya perih dan sepertinya ada bekas mblaret didahi dan atas mata sedikit. 
Himbauan untuk masyarakat jika ingin menerbangkan layangan boleh saja tp hati² jika layangan putus takutnya membahayakan masyarakat sekitar khususnya dijalanan. Sudah banyak yg menjadi korban salah satunya saya??";HAM
"URGENT!!

Telah hilang SPM Honda CRF AB 2919 BP warna Hitam Merah milik Relawan PMI Bantul a.n David Andreas Hilang pada hari Minggu, 20 Juli 2025 Pukul 20.12 WIB

Lokasi kehilangan di Area Parkir UTD PMI Bantul.

Bilamana ada yang mengetahui, mohon menghubungi no WA:
08112948118 
[Posko PMI Bantul]";HAM
"[Breaking News] 20:13  terjadi kebakaran warung pecel lele depan Nugrha Stasionari , timur pojok beteng kulon, saat ini masih di lakukan pemadaman

(fagungw) https://t.co/ZO29n0tX5q";HAM
"Dimana saja yang menyelenggarakan Nobar Timnas Indonesia U 23 vs Malaysia U23

(Senin | 21 Juli 2025 | 19:00 wib) https://t.co/CfgN7uJIf0";HAM
"[Video] 16: 12 terjadi kecelakaan di Jalan Kaliurang tepatnya di Pakem Sleman sore tadi , lalu lintas sempat tersendat untuk evakuasi korban 
terlihat juga dua ambulan evakuasi  korban laka tersebut . https://t.co/Udo1t9Y1oz";HAM
"[Breaking News] sore tadi Wetan kantor pos kota gede yg punya mebel 3 hari gak kelihatan sekarang baru didobrak sama Polsek kota gede kemungkinan sudah 3 hari MD. 

(asyamrafi43) https://t.co/tzF4LHUoqW";HAM
"Kalo ada gangguan, mereka gapunya alternatif lain. Satu-satunya kemungkinan, ya cuma punah. That's why, pulau kecil tu dilindungi undang-undang.

Tapi, Andi Sumangerukka dan Ahmad Fachruz Zaman kelewat  rakus. Anak bule!";HAM
Spesies di pulau kecil kayak Kabaena dan Gag itu gapunya tempat bermigrasi saat kondisi lingkungan berubah drastis. Lebih-lebih mereka tumbuh dan berkembang dengan peran ekologis yg spesifik. Mereka amat bergantung sama kondisi lokal.;HAM
"Kembali terjadi lagi , kejadian mengancam keselamatan jiwa bagi wisatawan pada Minggu 20 Juli 2025

Petugas sar parangtritis ( satlinmas rescue istimewa ) dan petugas sar ditpolair polda diy berenang ketengah laut menggunakan papan surfing untuk menyelamatkan wisatawan asing , wisatawan tersebut dapat terselamtkan dan diberikan edukasi terkait keamanan wisata pantai di yogyakarta

Kronologi : wisatawan tersebut datang bersama temannya untuk berlibur di pantai parangtritis , menggunakan kendaraan pribadi , sampai dipantai parangtritis sekira 15.30 WIB , langsung menjju kepantai dan berenang, namun wisatawan tersebut berenang terlalu jauh dan justru mengarah kelokasi ripcurrent, tentu hal itu menjadi hal yang sangat berbahaya, wisatawan tersebut belum sadar dan tidak merasa dalam bahaya, namun petugas menyusul berenang ke tengah laut atas dasar keselamatan dan menghindari hal hal yang tidak diinginkan, wisatawan tersebut kemudian di edukasi diposko terpadu satlinmas rescue istimewa wilayah III dan kemudian kembali melanjutkan perjalanan

(Sarparangtritis_)";HAM
Ia (kekhawatiran) muncul nggak selalu proporsional sama realita. Ia berangkat dari nilai-nilai pribadi yang dipegang oleh si khawatir. Itu salah satu dari banyak pasal yang ngebuat posisi kita jadi rentan. Bukan karena kita si penjahat. Tapi karena kita sipil.;HAM
"Tabe' kawanku. Propertimu bisa digeledah ""tanpa izin pengadilan"" berlandaskan ""kekhawatiran"". Sedang kekhawatiran selalu bersifat subjektif. Meski kadang bisa dipicu dari hal-hal eksternal, namun, ia muncul dari cara seseorang memaknai atau menilai sesuatu
https://t.co/EzDDrLijdG https://t.co/kg1rucmk4D";HAM
"Separagraf soal perayaan kekuasaan. Selebihnya, rakyat cuma figuran yang ga dikasih naskah skenario. Al-fatihah. 
https://t.co/1a8WB2IFVn https://t.co/1GiXGRleQA";HAM
@pryghndr Nek iki jelas wis rame diserang cah-cah;HAM
@rayhaanaglar Hambuh, sori udu bakul;HAM
"Langsung rekomendasi nyerang soto lik!??

#PSSday";HAM
"minta tolong bantuin share ya teman teman ku semuanya??????

@sheillaishary_ https://t.co/6tVFJiSFfF";HAM
RODO PENTING IKI LURR... https://t.co/QiRTLkGqap;HAM
"Breaking News] 06:42 Satu larangan ribuan sopir terancam dirumahkan. 
Ratusan Po bus, 500 TL biro dan Jeep merapi masing masing basecamp 3 orang hari ini menyampaikan aspirasi di Kantor Gubernur Bandung Jawa Barat adapun point penting yang akan di sampaikan adalah pencabutan SE:45 PK.03.03/6 Mei 2025 (poin ke 3).";HAM
"RAJA YUNAN NKRI???? TURUT MENGUCAPKAN BERDUKA ATAS TUTUP USIA NYA PANGGERAN ARAB SAUDI YANG KOMA 20 TAHUN ,YANG DI TINGGALKAN DIBERIKAN KETABAHAN SEDALAM-DALAM NYA 
Pangeran Arab Saudi Meninggal Dunia Usai 20 Tahun Koma, Dulu Alami Kecelakaan Saat Remaja https://t.co/WbfKIq220t";HAM
@ArsenGiandra Bro memilih playon sempakan pitung kilo;HAM
Juhh ndlogok tenan nek iki..?? https://t.co/X6jzNsgo7D;HAM
Sisih kidul yo ragelem kalah ?? https://t.co/5V29QkQliZ;HAM
euforia ngejar tabrak lari itu masih ada wkwk soale ketangkep;HAM
"Ohh, emang saiki iso ngene ya? ??
(Bertanya dengan nada sopan) https://t.co/vFr6c0KoYu";HAM
@dhiezmdfk Gek mbuh ktwngi;HAM
Intine nek koe bengi meh lungo nek ra penting² banget, mending ng ngomah https://t.co/bPjbHjxfQQ;HAM
Satuan Lalu Lintas Polres Sibolga Laksanakan Blue Light Patrol, Cegah Kejahatan Jalanan https://t.co/IuealJk1eF;HAM
"??? Tol Solo-Jogja seksi Klaten-Jogonalan, Kec Karangnongko, Kab Klaten

(Pras_djoyobisono) https://t.co/RYmyvgW9wQ";HAM
"Kabel di dekat Warmindo karyamukti jalan palagan sariharjo sleman terlihat Semrawut min

(Mas.koko_06) https://t.co/SkUhFWqQNk";HAM
"Cuma 2 jam kok dari jogja ??
emang best view nih kampung ?????? 
.
??Nepal Van Java

(Masmeya) https://t.co/2dlu0NMTWe";HAM
Update kebakaran di Jokteng kulon Yogyakarta sudah berhasil di padamkan https://t.co/p2MHGHFL9r;HAM
Mending knalpot brong;HAM
Pukul 16:27 Min izin sahre jls kulon prgo macet acara layang layang, ada yg jatuh layangannya dan jadi macet https://t.co/ZWIaLGyCQ6;HAM
"Min saya mau sedikit cerita tentang keluhan saya semalam. 
Semalam tepatnya malam minggu tanggal 19 Juli 2025, saya ingin mampir makan di rumah makan gac*** kota baru deket lapangan kridosono. 
saya kurang tau semalem ada konser apa pokoknya rame banget. tapi kami biasa parkir di sebrang gac***. 
awalnya gamau makan disitu karna saya pikir rame. ternyata cuma rame parkiran motor aja, mungkin banyak yang parkir disitu karna semalem ada konser. 
nah di depan gac*** ini di sebrang jalan masi ada space untuk parkir mobil. parkirlah mobil disitu. 
ketika parkir kami ditemui oleh pungli / siapalah itu dengan dimintai 20k (karna kalau tukang parkir gac*** gamungkin, mereka gapake atribut juru parkir soalnya) .disinilah saya mulai keberatan karna saya hanya ingin mampir makan. kami jawab dengan “ maaf mas memang tarifnya segitu? soalnya kita cuma mau makan di sebrang jalan di gac*** “ terus mas nya bilang ke “ atasannya “ mungkin . dan menyampaikan “ yaudah 5k “ . nah akhirnya kita mau.

tetapi setelah mau parkir, masnya balik lagi dan tanya “ tapi lama gak “ . nah disitu kan kami juga gabisa memastikan lama/ tidaknya. saya juga malah kepiran kenpa kok malah ditanyain lama/ engga . takutnya gimna” akhirnya kami memutuskan untuk cari makan di depan mandala krida.
karna trauma ndak “ ketutok larang “ akhirnya sampe sana juga tanya “ berapa ya pak tarifnya? “ , alhamdulillah bapknya malah bilang “ seikhlasnya mawon “ . 
akhirnya makan di depan mandala. 
agak trauma ya karna di jl mangkubumi dikasi tarif 10k + di kotabaru 20k. 
begitu min, sedikit cerita saya, harapannya kedepannya pungli” seperti itu bisa di tata dan diberikan edukasi mengenai kebijakan yang sebenarnya. 

noted: tolong nama saya tidak dicantumkan ya min, maturnuwun????";HAM
"Top Ten News https://t.co/t5ouNP73Gp, Senin 21 JUli 2025: Hasil Survei 90 Persen Pelajar SMP di Bantul Sudah Konsumsi Alkohol, JUkir Malioboro Nuthuk Harga, Sultan Izinkan 32 Hektarea SG untuk Jalan Tol
https://t.co/KjDZkPA2Xb";HAM
@takizflaminhot malioboro ga sih;HAM
"Menuju Malioboro Ramah Lingkungan, Becak Listrik Diperkuat Jadi Moda Wisata 
#BecakListrik #BecakListrikMalioboro #BecakKayuhBertenagaListrik
https://t.co/nXX1J7RuQx";HAM
@justiciafh malioboro in the morning;HAM
"Penggunaan Knalpot Brong Atau Knalpot Tidak Sesuai Syarat Teknis Dapat Menimbulkan Kebisingan Sehingga Mengganggu Ketentraman Umum dan Dapat Menimbulkan Gangguan Pendengaran

#StopGunakanKnalpotBrong
#OperasiPatuh2025 https://t.co/i8bzAQyDWY";HAM
@Pettayosias lodaya, wijayakusuma, senja utama, ranggajati, manahan, mataram, kertanegara, jayakarta, malioboro ekspress bisa go show semua;HAM
Top yang lagi sendirian lagi sange  fun sex yuk aku temenin sambil kuenakin. aku b mahasiswa ni. langsung  chat teleku ya https://t.co/cvAwmNOPfD  atau chat dm  #gayjogja #jogja #jogjaistimewa #bisex #mahasiswa #jogjacrot #jogjabirahi #malioboro #maba #minggu;SPAM
@tomat0ink9 Oh, kamu di Jogja? Coba fitting di Kebaya Oma (Jl. Monjali atau Malioboro), Toko Kebaya Bu Pur di Pasar Beringharjo, atau Lemari Lila di Kasihan. Banyak pilihan sewa/custom untuk wisuda, murah dan kekinian. Semangat ya! ??;SPAM
@SotoAyam1970 Hai! Maaf kalau masih salah. Setelah verifikasi ulang gambar dan sumber, tukang becak ke-3 dari belakang adalah Pak Yono, pengemudi becak berpengalaman di Malioboro sejak lama. Kalau bukan, spill hintnya yuk biar tepat! ??;SPAM
@jogja_base ntar siangan mau ke yamas space di dket malioboro;HAM
@SotoAyam1970 Hai! Maaf kalau masih salah, setelah verifikasi gambar dan sumber, tukang becak ke-3 dari belakang kemungkinan Pak Pardi, pengemudi senior Malioboro sejak 1975. Kalau bukan, spill hintnya yuk biar akurat! ??;SPAM
@SotoAyam1970 Hai! Terima kasih koreksinya. Setelah verifikasi gambar dan pencarian mendalam, nama tukang becak ke-3 (dari belakang) tampaknya Pak Slamet, pengemudi becak reguler di Malioboro, Yogyakarta. Jika masih salah, beri hint lebih lanjut ya! ??;SPAM
day 6, 12 Juli — karena weekend dan gaada kelas, kita ke panti asuhan mengajak adik-adik kecil mewarnai. tim korea beneran yg se-sweet itu sama anak kecil?? habis dari panti kita mam naspad nyammmm dan lanjut jalan2 di malioboro https://t.co/bEGiLLHQ6p;HAM
Top Ten News https://t.co/t5ouNP6vQR, Senin 21 JUli 2025: Hasil Survei 90 Persen Pelajar SMP di Bantul Sudah Konsumsi Alkohol, JUkir Malioboro Nuthuk Harga, Sultan Izinkan 32 Hektarea SG untuk Jalan Tol https://t.co/KjDZkPzv7D https://t.co/i7ThwH5qYr;HAM
"Viral Petugas Parkir Diduga Nuthuk Wisatawan di Kawasan Malioboro, Begini Respons Dishub Kota Jogja
https://t.co/cDUqr6ScE5";HAM
@loverinajie good luck ayah, jangan lupa kita ngopi keliling malioboro kalo udah pulang;HAM
Cerita Korban Parkir Nuthuk Rp 15 Ribu di Kawasan Malioboro, Sayangkan Kasus Serupa Terus Berulang di Jogja https://t.co/GVGA8ksADd;HAM
kalau kalian nemu akun authornya malioboro at midnight kasih tau aku yaa?? disitulah au wednesday by the bay berada??;HAM
@sultanfrozen wkwkwk aku kemarin pas gk nyepot buat Fotoyu di Malioboro;HAM
@Lyadiest Buat versi malioboro nan;HAM
12.01 WIB #Tol_Surabaya_Gempol Porong KM 766+400 arah Waru, ada penanganan kecelakaan kendaraan engkel box mauatan minuman kemasan terbalik miring di lajur 2-3/kanan.;HAM
"Deretan Potret Masa Kecil Pangeran Al Waleed hingga Koma Usai Kecelakaan di London Tahun 2005
#mdkan
https://t.co/ezRILQzEWl";HAM
kayak nonton video kecelakaan for i cant look away meskipun udah tau bakal doomed;HAM
Funfact: Pas kelas 10, sekolah gue mewajibkan siswa udah ada di sekolah sblm jam 6 pagi krn jam 6 teng ada apel. Tapi gara2 ada kakak kelas yang kecelakaan dan meninggal karena buru-buru biar nggak telat, akhirnya peraturannya diubah dan jam masuk dimundurin jadi jam 6.30 ??;HAM
"Tahukah Anda? Pentingnya Penggunaan Sabuk Pengaman dalam Berkendara

Secara umum fungsi dari sabuk pengaman (safety belt) yaitu untuk melindungi dan menahan setiap penumpang yang berada di dalam mobil agar tidak bergerak secara mendadak atau terlempar pada saat terjadi kecelakaan https://t.co/eL3sjNrPk4";HAM
"ODOL dapat menyebabkan Rem Blong,Kendaraan sulit di kendalikan hingga menyebabkan kecelakaan fatal yang merenggut nyawa/korban jiwa

#OperasiPatuhCandi2025 #TertibBerlaluLintas #PoldaJateng";HAM
"ODOL dapat menyebabkan Rem Blong,Kendaraan sulit di kendalikan hingga menyebabkan kecelakaan fatal yang merenggut nyawa/korban jiwa

#OperasiPatuhCandi2025 #TertibBerlaluLintas #PoldaJateng";HAM
@MariaAlkaff_ Di beberapa video yang beredar saya tidak melihat adanya sekoci pada kecelakaan ini...;HAM
Memasuki hari ketujuh pelaksanaan Operasi Patuh Tinombala 2025, Polres Parigi Moutong menjaring ratusan pelanggar lalu lintas melalui razia di sejumlah titik di wilayahnya. Operasi ini bertujuan menekan angka kecelakaan serta meningkatkan kesadaran masyarakat dalam berlalu lintas https://t.co/dqLHHJ2zFC;HAM
@LissaNFT2021 @Rahasiaremajaaa kecelakaan waktu kuliah di london. cmiiw;HAM
@jeenerrr Ada kecelakaan katanya udh stuck pas jalan sampe stasiun jatner disuruh ganti krl coba cape????;HAM
"11.30 #InfoSonora

Saat ini kereta KRL jurusan Bekasi - Kampung Bandan tertahan selama 1 jam di Jatinegara, infonya akibat adanya kendala kecelakaan orang (tertemper) Kereta Bandara di sekitar tanah abang. ( dri Fabian) https://t.co/eLBEt3h2Sb";HAM
11.36 WIB #Tol_Surabaya_Gempol Porong KM 766+400 arah Waru, ada penanganan kecelakaan kendaraan engkel box mauatan minuman kemasan terbalik miring di lajur 2-3/kanan.;HAM
@AraituLaki Mungkin kalo misal Bobby kecelakaan, Kahiyang jadi janda trus dia jadi Suaminya Kahiyang ??;HAM
"(21/07) 11.20 WIB
Informasi awal Command Center 112 terima laporan adanya kecelakaan lalu lintas di Jalan Kedung Baruk. Petugas menuju lokasi.";HAM
Kereta Bandara Soekarno-Hatta mengalami kecelakaan. Akibatnya, rute perjalanan dari Stasiun Karet-Tanah Abang mengalami keterlambatan. https://t.co/1T1izunIrU;HAM
@CommuterLine bilang aja ada kecelakaan, tertemper, bukan gangguan operasional. CSOT ngasih informasi jg yg jelas dong, lucu bgt lu.;HAM
"MAMPUS, SECURITY DALEM KERETA SAMPE BILANG ""YA KECELAKAAN JG GA ADA YG TAU, KOK BOHONG""—TERUS PADA BALIK. DAMN, YOU GO BAPAK ?????????";HAM
"*Polres Bontang Klarifikasi Video Viral : Tindakan Personel Sesuai Prosedur Penanganan Tabrak Lari*
https://t.co/4rfPgUVj0c https://t.co/5tpZiOQlOk";HAM
Video Penangkapan Tabrak Lari Viral, Ini Klarifikasi Resmi Polres Bontang https://t.co/eDO0wtz0Ka;HAM
"Open jasa lacak lokasi??
- HP HILANG
- PENIPU
- TEROR
- TABRAK LARI (NO POL)
- PERSELINGKUHAN 
- VIRTEX 
Yang mau nyari jasa lacak bisa ya dm langsung wa ada si bio,kalau jelas kasus nya bisa di bantu

#zonauang
#zonajajan
#zonaba";SPAM
"*Polres Bontang Klarifikasi Video Viral : Tindakan Personel Sesuai Prosedur Penanganan Tabrak Lari*

Bontang – Menyikapi beredarnya sebuah video di media sosial yang menarasikan secara sepihak terkait upaya penangkapan terhadap pelaku tabrak lari, https://t.co/UY3k5XJlwk";HAM
@sungchanzo tabrak lari.;HAM
"Open jasa lacak lokasi????
- HP HILANG
- PENIPU
- TEROR
- TABRAK LARI (NO POL)
- PERSELINGKUHAN 
- VIRTEX 
Yang mau nyari jasa lacak bisa ya dm langsung wa ada si bio,kalau jelas kasus nya bisa di bantu

#zonauang
#zonajajan
#zonaba";SPAM
@maskulqn Kayak kobran tabrak lari di jalan :(;HAM
"lacakk lokasi orangg
•lacak hp hilang by no hp / imeii
•lacak penipu/scammer/tabrak lari/terror/revengeporn
•sadapp / hack / pulihkann akun
#zonauang";SPAM
"lacakk lokasi orang
•lacak hp hilang by no hp / imeii
•lacak penipu/scammer/tabrak lari/terror/revengeporn
•sadapp / hack / pulihkann akun
#zonauang";SPAM
Tabrak lari, tidak tanggung jawab dan menghindari kewajiban B 1702 WNP @HumasPolri  @TMCPoldaMetro @Binmas_Tangsel https://t.co/3vPlP58r8H;HAM
"•lacak hp hilang by no hp / imei
•lacak penipu/scammer/tabrak lari/terror/revengeporn 
•sadap / hack / pulihkan akun
LGSNG KE WA AJA YAA
#zonauang #zonauang?";SPAM
Brio Merah Tabrak Lari Ojol di Tasikmalaya, Pengemudinya Dicari https://t.co/USrlq4IBRQ;HAM
"Guyss minggu ini kita lagi ngadain promo ya ??

??lacak lokasi orang
??lacak hp hilang by no hp / imei
??lacak penipu/scammer/tabrak lari/terror/revengeporn 
??sadap akun / hack akun / pulihkan akun
FS! : wa 089522681535 https://t.co/8ZMJHU8H0R https://t.co/3QlnOvpfdR";SPAM
"lacakk lokasi orangg
•lacak hp hilang by no hp / imeii
•lacak penipu/scammer/tabrak lari/terror/revengepornn
•sadapp / hack / pulihkann akun
#zonauang?";SPAM
"lacakk lokasi orangg
•lacak hp hilang by no hp / imeii
•lacak penipu/scammer/tabrak lari/terror/revengepornn
•sadapp / hack / pulihkann akun
#zonauang?";SPAM
"lacakk lokasi orangg
•lacak hp hilang by no hp / imeii
•lacak penipu/scammer/tabrak lari/terror/revengepornn
•sadapp / hack / pulihkann akun
#zonauang?";SPAM
"Kain ini namanya runner.

Sesuai namanya, dia bisa difungsikan untuk dibentang di pintu lalu Kisanak tabrak sambil lari kayak di finish line.

But please, don't try this.. ??";HAM
Penanganan awal kecelakaan roda 2 tabrak lari, korban pengemudi pria MAI (22) mengalami lecet di kaki. Sementara penumpang wanita WSR (44) mengalami luka lecet di pipi dan nyeri di pinggang. Korban selanjutnya dirujuk ke rumah sakit terdekat. https://t.co/DjyIoAYJwy;HAM
@xquitavee Sesama jambret harus saling mambela;HAM
KAK BAWA PULANG SBELUM AKU JAMBRET KAK @eyyitshaa;HAM
"Tadi lewat iklan ini, hooknya: buat maba teknik, saintek, soshum 

Jadi sempet mikir, kayaknya basic programming tuh perlu ga ya jadi kurikulum wajib jurusan2 soshum https://t.co/IZJzGQwDjn";HAM
"Berdasarkan analisis interaksi publik (bukan data kunjungan nyata):

1. najaemsln - 7 kali/semingu
2. kecupman1s - 6 kali/semingu
3. jambret_ikan - 5 kali/semingu
4. MikaelDewabrata - 4 kali/semingu
5. fanta3stic - 3 kali/semingu
6. BagasN7 - 2 kali/semingu
7. imandreans - 1 kali/semingu
8. rinkouashelia - 1 kali/semingu
9. KieranPontiki - 1 kali/semingu
10. kakaimontinolaa - 1 kali/semingu";HAM
@droofey Abis pulang dari kampus terus nganter temen dulu, tiba tiba dibelakang ada yang manggil dan karena aku bloon jadi berhenti :)) taunya mau jambret. Sempet jatoh dari motor dan tas aku ditarik-tarik, beruntungnya pake backpack jadinya bisa nahan, terus akhirnya ada mang siomay;HAM
"@Ichgyou gw selalu bawa pisau lipat buat jaga diri dari jambret dan sim jakarta kalo ada partai coklat

tergantung daerahnya, di deket rumah gw kriminalitasnya emang tinggi";HAM
di jambret apa ya hati ku https://t.co/qeN1yo14L6;HAM
@filowsofii WKWKQKKWKWKWKWMW JAMBRET;HAM
@caeyoeni Ganteng begini dibilang jambret.;HAM
"Tri sakti di oper

Camp ""vtrn""

Tukang jambret.
Hhhhhhhh";HAM
@2junyeong muka jambret lo udah gabisa di tutup tutupin lagi;HAM
Hampir bgt kena jambret dalam posisi lagi kelaparan dan sakit perut could u imagine how that feels like;HAM
PHAINON BANNER TINGGAL 2 HARI LAGI AKU PITY 64 PLS HADUH JAMBRET JAMBRET. KUDU GRINDING LAGI KYK SKIRK JAHDKWNFKSNODNSDJ;HAM
@6O6sfs pgn gw jambret kalungnya;HAM
yg jambret keychain gw di tj dulu awas lo ya asw gw kutuk lu jadi labubu;HAM
@joahnzadxu lu punya keychain satu aja kena jambret zad;HAM
"Minggu malam 20 Juli 2025, di wilayah hukum polres binjai.

Patroli ini bertujuan untuk mengantisipasi potensi gangguan keamanan, khususnya kejahatan jalanan yang kerap terjadi pada malam hari.
                    https://t.co/WysaZBEx3Q";HAM
"Operasi Patuh 2025, Polres Banggai Patroli Cegah Kejahatan Jalanan Disetiap Sudut Kota 
.
.
.
#satlantas
#polri
#polresbanggai 
#poldasulteng https://t.co/V668fuYYcC";HAM
Senin, 21 Juli 2025, Samapta Polsek Ngaglik melaksanakan patroli stasioner balong jalan palagan donoharjo serta antisipasi gangguan Kamtibmas, Curat, Curas, Curan dan kejahatan jalanan di wilayah Ngaglik. https://t.co/TyIvxehCV9;HAM
Senin, 21 Juli 2025, Samapta Polsek Ngaglik melaksanakan patroli stasioner di simpang 4 kamdanen jalan palagan sariharjo serta antisipasi gangguan Kamtibmas, Curat, Curas, Curan dan kejahatan jalanan di wilayah Ngaglik. https://t.co/nvhVVxlVtl;HAM
"?? Operasi Kejahatan Jalanan (OKJ) – Polsek Tambun Selatan

Piket fungsi Polsek Tambun Selatan melaksanakan kegiatan Operasi Kejahatan Jalanan (OKJ) melalui patroli mobile di wilayah rawan Curat, Curas, tawuran, dan balap liar.
 https://t.co/jDsRpTOtlO";HAM
"Personel polsek piyungan dipimpin Aiptu Tri Purnomo melaksanakan patroli sambang awak kamling, warga masyarakat, perbankan serta antispasi kejahatan jalanan (20/7/2025)
#polriuntukmasyarakat
#patroli
#presisi
#samapta https://t.co/tMz0y9LSdo";HAM
"Jalanan rame, tapi kyk chaos gt.
Yg mobilan rese bgt zigzagnya. Yg motoran knalpot brong, ada yg ga pake helm, ngedim2 lampu blerenge rak karuan. ??";HAM
Polsek Babelan Gelar Operasi Malam, Persempit Ruang Gerak Pelaku Kejahatan Jalanan Di Malam Hari https://t.co/WNkwZDUoAM;HAM
Minggu, 20 Juli 2025, Samapta Polsek Ngaglik melaksanakan patroli sambang warga plemburan sariharjo sekaligus menyampaikan pesan kamtibmas, tertib berlalu lintas serta antisipasi gangguan Kamtibmas, Curat, Curas, Curan dan kejahatan jalanan di wilayah Ngaglik https://t.co/VMnOw1AoBV;HAM
Ruang digital juga harus bebas dari kejahatan, kayak jalanan di dunia nyata. @prabowo @kemkomdigi @dpr @bssn_ri https://t.co/rKOFHkKVJn;HAM
Minggu, 20 Juli 2025, Samapta Polsek Ngaglik melaksanakan patroli sambang warga minomartani sekaligus menyampaikan pesan kamtibmas, tertib berlalu lintas serta antisipasi gangguan Kamtibmas, Curat, Curas, Curan dan kejahatan jalanan di wilayah Ngaglik. https://t.co/INx0Hc4B0V;HAM
"Antisipasi gangguan kamtibmas,  kriminalitas serta kejahatan jalanan diwilayah Ponjong, Polsek Ponjong Giatkan Patroli KRYD.
 
#PolriUntukMasyarakat #pengamanan #Yanmas #Harkamtibmas #PoldaJogja #PoldaDIY #PolresGunungkidul #AmanNyamanDamai #Polsekponjong https://t.co/gqB659YLxY";HAM
Anggota Polsek Babelan Dipimpin Padal Kanit Samapta AKP Udin Syamsudin Melaksakan Apel persiapan ops Kejahatan Jalanan selanjutnya melaksanakan ops Kejahatan Jalanan, KRYD serta Patroli guna Mengantisipasi terjadinya 3C dan tawuran di Wilayah Hukum Polsek Babelan. (20/07/2025) https://t.co/qIOCSLrtIf;HAM
"terjadinya curat, curas dan curanmor serta kejahatan jalanan. Minggu, 20/07/2025.

POLRI UNTUK MASYARAKAT

@poldajogja
#PoldaDIY #KapoldaDIY #Kapolrestasleman #polrestasleman #polsekprambanandiy #patroliKRYD #patrolijogja #jogjaaman #jogjadamai #jogjanyaman #OpsPatuhProgo2025";HAM
Personil Polsek Selesai melakukan Patroli guna Mengantisipasi dan mencegah terjadinya tindak pidana Seperti Kejahatan Jalanan, 3C ( Curas, Curat dan Curanmor) dan Geng Motor yang dapat Menimbulkan Gangguan Kamtibmas di Wilayah Hukum Polsek Selesai https://t.co/blShPfdczg;HAM
"Tim Patroli melaksanakan penindakan antisipasi gangguan knalpot brong, konvoi  maupun balap liar.

Yuk lur, patuhi peraturan lalulintas ?? https://t.co/kcFtUiBTdF";HAM
gpp, banyak yang motor tanpa plat, spion gak kepasang, plat nomer mati, knalpot brong. cc @DalemSatrio @polrestamakota;HAM
"Tim Patroli melaksanakan penindakan antisipasi gangguan knalpot brong, konvoi  maupun balap liar.

Yuk lur, patuhi peraturan lalulintas ??
.
.
.
Jika mengalami kejadian darurat seperti gangguan kamtibmas dan atau membutuhkan kehadirian anggota Polri https://t.co/ABEdEc29Ye";HAM
"Raimas Kalamunyeng hentikan remaja tanpa helm dan pemotor dengan knalpot brong serta tanpa spion, beri imbauan tegas demi keselamatan bersama.
#RaimasKalamunyeng #OperasiPatuh2025 #TertibItuKeren #KamiSiagaKalianJaga

@ListyoSigitP @DivHumas_Polri @HumasPoldaJatim @HumasGresik @infoGRESIK";HAM
"Tim Patroli melaksanakan penindakan antisipasi gangguan knalpot brong, konvoi  maupun balap liar.

Yuk lur, patuhi peraturan lalulintas ?? https://t.co/LwoPxVgTP9";HAM
"Tim Patroli melaksanakan penindakan antisipasi gangguan knalpot brong, konvoi  maupun balap liar.

Yuk lur, patuhi peraturan lalulintas ??
.
.
.
Jika mengalami kejadian darurat, dulur bisa langsung menghubungi Call Center 110 atau #laporpakkapolres di Nomor 081-136-061-10. https://t.co/R9A5x48vN2";HAM
"Tim Patroli melaksanakan penindakan antisipasi gangguan knalpot brong, konvoi  maupun balap liar.

Yuk lur, patuhi peraturan lalulintas ?? https://t.co/ox7K6L5ptd";HAM
gue masih ok” aja sm knalpot brong, cuma lo kl pake itu motor lo kudu kenceng, bawanya juga jago. ditanjakan nyangkut, digas kenceng juga larinya segitu aja, pake knalpotnya bacot banget, ganggu anj;HAM
@GoodRecom Itu melebihi knalpot brong yg memekakkan telinga ??????;HAM
lu kan punya batik dr jerome, wu.. bukannya dipake malah pake outfit cod knalpot brong ????;HAM
@Noir_68 @innovacommunity Coba ada regulasi, mau pasang lampu macam ini dites langsung ke mata yg mau pasang, jadi doi tau efeknya terhadap pengendara lain. Termasuk kalok beli knalpot brong buat motor sih, tes pake kuping pembeli.., andai loh andai;HAM
@TeMontareZzz + knalpot brong;HAM
"Dalam kegiatan operasi patuh tersebut sasaran penertiban pelanggaran traffic light, Marka, kelengkapan surat-surat kendaraan, kendaraan layak jalan, helm, berbonceng lebih dari dua, dan knalpot brong.

@DivHumas_Polri @PoldaJogja @polresjogja @kapoldaDIY @Spripim_Polri";HAM
@somexthread Iyee anying , tiba2 masuk parkiran kantor motong²  knalpot brong;HAM
Pantes pemilu jepang kurang meriah, ga ada satupun konvoi motor knalpot brong ternyata.;HAM
"#POV Di Titik Nol Kilometer Sabang ????????

Quick Fact tentang?? Tugu Titik Nol Kilometer Sabang ??
1??Terletak di Desa Iboih, Pulau Weh, Sabang — hujung paling barat Indonesia.
2??Simbol permulaan pengukuran Indonesia: “Dari Sabang Sampai Merauke”. https://t.co/LO0DxXxnRK";HAM
@orqclol biasane wong ngunu nganggo klambi bleduk semir ra rapi numpak motor spion copot siji blombongan ra nggo helm;HAM
Bersama Menteri Lingkungan Hidup Hanif Faisol Nurofiq, Perum Jasa Tirta I, dan Pemerintah Kota Batu, PLN NP melaksanakan penanaman pohon di Arboretum Sumber Brantas titik nol yang menopang kehidupan sepertiga masyarakat Jawa Timur.;HAM
Perempuan di titik nol ga gw bawa kyknya… LAKI LAKI DI SANA BAJINGAN SEMUA.;HAM
mau ke pare mending global english atau titik nol;HAM
@basebuku malam seribu jahanam, cantik itu luka, ronggeng dukuh paruk, perempuan di titik nol, namaku alam, brianna and bottomwise;HAM
@basebuku Perempuan di titik nol!!;HAM
"@mikuroQ Gw cuman bilang, titik start setiap orang tidak semuanya dimulai dari nol. Bahkan ada yang minus. Jika kamu hanya memikirkan kehidupanmu sendiri, itu termasuk privilege.

Kadang ada seorang anak yg menanggung beban hutang orang tuanya, menanggung biaya sekolah adiknya, cacat, dll";HAM
padahal perempuan di titik nol cm brp halaman, tp bacanya bnr bnr menguras energi;HAM
@Mdy_Asmara1701 Ternyata macan ompong...!! Titik nol debat...! ??;HAM
"@gisasrr Hai gisasrr! Dari tweetmu yang banyak bahas belajar TKA, tips studi, buku seperti ""Perempuan di Titik Nol"", dan dukungan mental, kamu cocok jurusan Psikologi atau Pendidikan. Minatmu di literatur dan interaksi sosial kuat. Semangat kuliahnya! ??";HAM
"@hrdbacot Pontianak kalo pas yang di tugu titik nol yang garis khatulistiwa itu berasa banget panasnya.

Tapi kalo diukur keseluruhan, kayaknya masih panasan Surabaya.

Cuma kalo bagi gua sendiri, lebih nyengat panasnya Semarang terus dilanjut Pekanbaru.";HAM
rasanya kayak kelempar balik ke titik nol lagi. may every version of love u meet remind you of me. what u had, and what u lost.;HAM
"kokokan mencari arumbawangi
perempuan di titik nol
ronggeng dukuh paruk
na willa dan hari-hari ramai";HAM
Aku doang atau memang jalanan jogja hari ini sepi? Karna aku ga nemu titik macet sama sekali. Titik nol pun tadi sepi banget;HAM
Sejauh ini cuma Perempuan Di Titik Nol;HAM
"Polsek Long Kali Berhasil Bekuk Pelaku Begal, Warga Kembali Merasa Aman

#polri #divhumas #poldakaltim #coolingsystem #IKN #ibukotanusantara #Mahakam https://t.co/BsZNb2Itne";HAM
Tiap hidup kembali ke fase hancur-hancuran (balik ke titik nol rasanya, kurang lebih), mau gak mau kan harus dimulai lagi ngebangunnya;HAM
@basebuku Perempuan di Titik Nol;HAM
@basebuku cantik itu luka, perempuan di titik nol, namaku alam, janji (tulisannya doang tapi);HAM
@Faqih_Zuhair @biasalahanakmud Makasih kak sharing artikelnya. Kmrn jg bertanya2 gimana caranya, pada titik apa Sore bisa balik ke masa lalu Jo. Ternyata tujuan ke Arktik (ngikutin apa kata diary Jo) adl nemuin waktu nol ini ya ??;HAM
@jogja_base jangan keluar malam2 ndak kena klitih;HAM
@synedrome motor klitih;HAM
sama. aku malah motoran gapake jaket (lupa) padahal suhunya 15 derajat ?? mana ngebut bgt soalnya menghindari klitih ???????? sekarang menggigil aku bjir;HAM
alhamdulillah gak ada klitih tp gwe harus melawan hipotermia alias dingin bgt anjnk;HAM
@sug0ism yah ada ketua klitih;HAM
@eh_lerr makasih kak leber wejangan tp ak pengen join klitih gang;HAM
semoga aku tidak bertemu klitih lagi;HAM
Seorang WNI di Paris mengalami kejadian tak terduga saat hendak memberikan tempat duduk kepada ibu hamil. Niat baik itu justru dibalas dengan aksi pencopetan. Dompetnya raib, diduga diambil oleh komplotan pencopet yang bekerja secara terorganisir. https://t.co/beWOIP7wuu;HAM
"sumpah ya i bingung. mau langsung pulang apa stay di stasiun dulu ;(

pen pulang tapi takut klitih. mau stay di stasiun tapi badanku udah beneran pegel semua";HAM
@nafdhll day 1 belajar jadi klitih;HAM
@azkindle HATI HATI jangan jadi klitih;HAM
@renleecute dia kan klitih;HAM
@mynameissuyyy klitih ini mah;HAM
"@merapi_uncover Kulo kinten drop2an nopo klitih amergi nrabas bangjo Kronggahan ?? menawi katah lepat ngapuntene konco2 suporter nggih ?? 

Monggo kita jagi Ngayogyakarta kita, mugi tansah agawe nyaman kagem liyan ?? matur nuwun kadang supporter";HAM
@caaacing__ *klitih;HAM
dah kek klitih;HAM
klitih bajingan;HAM
WTF TERNYATA BENERAN KETEMU KLITIH KALAU GA ORANG TAWURAN DI GANG KOST AKU?????? https://t.co/lK3aJOlpkv;HAM
@buxjang mau nyoba tapi i don’t really like going to jogja, soalnya aku bingung di sana ngapain ?? takut klitih HAHAHA jkjk;HAM
@AlionelMessi_ Kalopun juara bakal hambar toh seperti bhayangkara FC yg begal lisensi klub ra jelas;HAM
@Rumahdepok_ @tanyakanrl Suami2 Depok dalam perjalanan menuju rumah selingkuhan, keburu kena begal.;HAM
@ngapoye Begal hati ak ????????;HAM
@dxngxrouz km mw ak begal organ tbuhnyyy?????????;HAM
tydac sia sia nyusurin jalan raya Batubulan - Celuk demi susu enak ini???? beneran udah kayak mau begal mana masnya ketawa mulu lagi???????? https://t.co/ydJsNy04uk;HAM
@imwinka awas lu nanti gua begal kalau main roblox;HAM
*Kegiatan KRYD dan Patroli BLUE LIGHT dengan Sasaran Geng Motor, Begal, Premanisme, Bajing Loncat dan tempat-tempat rawan Kriminalitas dan tempat berkumpulnya masyarakat, antisipasi gangguan kamtibmas dengan sasaran 3C (curat, curas dan curanmor),  premanisme dan balap liar.* https://t.co/Zio3SItz83;HAM
@berrakhlak nga cocok lun gw se soft ini jd begal ????????????????;HAM
@dmarvine Mana bener lagi, untungnya dulu backpacks ga pernah kenapa2 kema copet atau begal, hanya pernah nunggu bus di halte pada banyak asap rokok;HAM
it's always just...? https://t.co/JR998n6lYW;HAM
@priv_pope @a_begal @wakawakaluvr im not but my dms are open for girls https://t.co/QdLySpaVwv;HAM
Pelaku Begal Payudara Babak Belur Dihajar Warga, Ternyata ODGJ https://t.co/9nfHImhtZP;HAM
"@oleanderhime JPO berlubang lubang besinya dicolongin, zebra cross deket ttaffic lamp malah banyak kendaraan berenti, trotoar dipake jadi parkiran &amp; motor lewat buat nerobos macet. belum lagi ancaman rampok, begal, dan hembusan asap rokok ??????

dah gitu masih juga kena tilang ??";HAM
when someone who interacts with oomf a lot has you blocked for some reason ?? https://t.co/TdQsEfFJ8J;HAM
"Personel Polsek Sei Kanan Polres Labuhanbatu Selatan Melaksanakan KRYD dalam Rangka Antisipasi Geng Motor, Begal dan 3C di Alfamidi dan Bank BRI Link pekan Kel Langga payung Kecamatan Sei kanan.

#poldasumut
#divisihumaspolri
#patroli
#semuaorang
#sorotan https://t.co/mzXxqaSdqW";HAM
"PERSONIL POLSEK KOTA PINANG POLRES LABUHANBATU SELATAN MELAKSANAKAN KRYD DAN PATROLI BLUE LIGHT ANTISIPASI GENG MOTOR, BALAP LIAR, BEGAL, KEJAHATAN JALANAN &amp; ANTISIPASI TP 3C di SPBU Labuhan Kota Pinang.

#poldasumut
#divisihumaspolri
#patroli
#semuaorang
#sorotan https://t.co/WHgDsTU7ec";HAM
Gue adalah salah satu saksi mata pencopetan saat konser Iwan Fals di Lapangan Rampal. Gue ngeliat cara mereka ambil HP korban, gue masih inget wajah mereka, tapi apa yang gue lakuin? Gaada. Menyesal? Jelas. Tapi gue beneran gabisa bereaksi apa apa selain ngeliatin aja.;HAM
@CommuterLine Min untuk tindak kejahatan pencopetan, untuk cctv kl bisa di buka di stasiun kejadian, jangan korban di suruh ke stasiun juanda, Terima kasih;HAM
Seorang pengguna media sosial tiktok (actor_gaspol) membagikan rekaman aksi pencopetan di Terminal Pulo Gadung, Jakarta Timur. https://t.co/pHEBUT1K3Y;HAM
lg diskusi pencopetan;HAM
@nniyntf Infokan tikor kak buat ngerundingin planning pencopetan ini?????;HAM
"Jelas dan terang : Bahwa sistim pengawasan tdk berjalan dgn semestinya, bahkan patut diduga ada tindak pidana penyalahgunaan jabatan &amp; mufakat jahat mbak @riekediahp, mereka harus dikenakan sanksi hukum lebih berat dibanding dgn para eksekutor pencopetan uang Negara, se 7kaga ???";HAM
Emak-emak asal Indonesia jadi korban pencopetan di Paris usai memberi tempat duduk kepada wanita hamil yang ternyata bagian dari komplotan pencopet. #viral #fyp #trending #indonesia #paris https://t.co/kkCeBg1aH9;HAM
"Sosok Emak-Emak asal Indonesia Gagalkan Aksi Pencopetan di Paris: Uang 420 Euro Hampir Raib
 
https://t.co/2CoVwvcoUL";HAM
@huh_hah_seuhah @CommuterLine @PoppyAriestian Jadi inget dulu liat foto pelaku pencopetan KRL di papan pengumuman stasiun Manggarai...;HAM
"Waspada Copet! 9 Negara dan Kota Terbanyak Kasus Pencopetan | MY24 HOURS

Indonesia - Tahukah Anda bahwa ada tempat-tempat rawan pencopetan di negara dan kota-kota di dunia yang perlu Anda waspadai saat berlibur

https://t.co/HdGbtJPh9B

#MY24 #panduan #travel #copet #liburan";HAM
Gua baru hari ini menginjakkan Kali keluar, UDAH ADA PENCOPETAN ANJING DEPOK IS WILD;HAM
"ohh jd spoiler ""where u at where u at"" mksdnya lagi koordinasi aksi pencopetan kah?? bisa jd";HAM
@nxmkento trust issues pencopetan??;HAM
@haragodensgrd @MikaelDewabrata wkwkk, yess gw pernah ngalamin ini.. Itu dulu yang bikin gak mau naik kereta ke kampus UI Depok pake KA.. Udah lama, rame bgt, banyak penjaja jualan, marak pencopetan, dll.. Akhirnya pilih pake motor dan ngekost di deket kampus.. Hahaa ????;HAM
"kayak ditanya kenapa telat ""iya bu soalnya tadi ada pencopetan tapi orangnya keseret keretanya juga""";HAM
Bismillah kaks ???? @cahya50supriadiii;HAM
psim bersejarah mengiringi persija ????;HAM
Dari JAKARTA to JOGJAKARTA ??;HAM
lanjut Hokky caraka;HAM
viking Brajamusti the Jak ??????;HAM
Udh bukan liga 1 kan;HAM
AYDK;HAM
??????;SPAM
Gasin bro @cahya50supriadiii ????;HAM
Siapa yang udah tau dari timnas Indonesia ------>>>>>>;HAM
Karawang prideee;HAM
Good luck bang @cahya50supriadiii;HAM
Mantap ABGku;HAM
The next listiyanto raharjo legend kiper;HAM
????;SPAM
Ngeri juga;HAM
Mantap org karawang yeuh;HAM
Terus berkembang cahya and comeback to jakarta??;HAM
wow ????;SPAM
????????????????????????????;SPAM
Gayaa;HAM
golek tambahan kiper mbok an, ngawekani nek iki di celuk timnas nggo pelapis e harlan golek sek wangun sisan;HAM
Ayoo lekk semngat sampai juara dunia Indonesia sampai mati ????;HAM
????????????;SPAM
pertama;HAM
